Rank,name,factors,num_factors,delta_age_years,ESI,Cx43_retention_pct,TNNT2_retention_pct,OCT4_level,MYC_level,CRC_Verdict,ESI_Verdict,All_Gates_Pass,Pareto_Optimal,composite_fitness
1,NL-101 (Zenith Lead),SIRT1+SIRT6+GATA4+ZBTB16,4,9.27,0.948,100.0,100.0,0.008,0.038,CONFORMAL_PASS,OPTIMAL_CONDUCTION,False,False,0.7832
2,Zenith-Comb-0392,SIRT1+SIRT6+GATA4+PPARGC1A,4,5.84,0.948,100.0,100.0,0.008,0.038,CONFORMAL_PASS,OPTIMAL_CONDUCTION,False,False,0.6688
3,Ablation: dZBTB16,SIRT1+SIRT6+GATA4,3,4.99,0.948,100.0,100.0,0.008,0.038,CONFORMAL_PASS,OPTIMAL_CONDUCTION,False,False,0.6405
4,Zenith-Comb-0312,SIRT1+SIRT6+GATA4+TET2,4,4.99,0.948,100.0,100.0,0.008,0.038,CONFORMAL_PASS,OPTIMAL_CONDUCTION,False,False,0.6405
5,Zenith-Comb-0330,SIRT1+SIRT6+GATA4+NKX2-5,4,4.99,0.948,100.0,100.0,0.008,0.038,CONFORMAL_PASS,OPTIMAL_CONDUCTION,False,False,0.6405
6,Zenith-Comb-0368,SIRT1+SIRT6+GATA4+MEF2C,4,4.99,0.948,100.0,100.0,0.008,0.038,CONFORMAL_PASS,OPTIMAL_CONDUCTION,False,False,0.6405
7,Zenith-Comb-0401,SIRT1+SIRT6+GATA4+ESRRG,4,4.99,0.948,100.0,100.0,0.008,0.038,CONFORMAL_PASS,OPTIMAL_CONDUCTION,False,False,0.6405
8,Zenith-Comb-0476,SIRT1+SIRT6+GATA4+HAND2,4,4.99,0.948,100.0,100.0,0.008,0.038,CONFORMAL_PASS,OPTIMAL_CONDUCTION,False,False,0.6405
9,Zenith-Comb-0307,SIRT1+GATA4+ZBTB16+PPARGC1A,4,1.59,0.933,100.0,100.0,0.008,0.038,CONFORMAL_PASS,OPTIMAL_CONDUCTION,False,False,0.5196
10,Ablation: dSIRT6,SIRT1+GATA4+ZBTB16,3,1.0,0.933,100.0,100.0,0.008,0.038,CONFORMAL_PASS,OPTIMAL_CONDUCTION,False,False,0.4999
11,Zenith-Comb-0387,SIRT1+GATA4+ZBTB16+TBX5,4,1.0,0.933,100.0,100.0,0.008,0.038,CONFORMAL_PASS,OPTIMAL_CONDUCTION,False,False,0.4999
12,Zenith-Comb-0452,SIRT1+GATA4+ZBTB16+FOXO3,4,1.0,0.933,100.0,100.0,0.008,0.038,CONFORMAL_PASS,OPTIMAL_CONDUCTION,False,False,0.4999
13,Zenith-Comb-0478,SIRT1+GATA4+ZBTB16+HAND2,4,1.0,0.933,100.0,100.0,0.008,0.038,CONFORMAL_PASS,OPTIMAL_CONDUCTION,False,False,0.4999
14,Zenith-Comb-0299,SIRT6+GATA4+ZBTB16+FOXO3,4,0.15,0.925,100.0,100.0,0.008,0.038,CONFORMAL_PASS,OPTIMAL_CONDUCTION,False,False,0.4676
15,Zenith-Comb-0371,SIRT6+GATA4+ZBTB16+PPARGC1A,4,0.11,0.925,100.0,100.0,0.008,0.038,CONFORMAL_PASS,OPTIMAL_CONDUCTION,False,False,0.4663
16,Ablation: dSIRT1,SIRT6+GATA4+ZBTB16,3,-0.42,0.925,100.0,100.0,0.008,0.038,CONFORMAL_PASS,OPTIMAL_CONDUCTION,False,False,0.4486
17,Zenith-Comb-0316,SIRT6+GATA4+ZBTB16+ESRRG,4,-0.42,0.925,100.0,100.0,0.008,0.038,CONFORMAL_PASS,OPTIMAL_CONDUCTION,False,False,0.4486
18,Zenith-Comb-0500,SIRT6+GATA4+ZBTB16+TET2,4,-0.42,0.925,100.0,100.0,0.008,0.038,CONFORMAL_PASS,OPTIMAL_CONDUCTION,False,False,0.4486
19,Zenith-Comb-0212,SIRT1+GATA4+PPARGC1A,3,-1.43,0.933,100.0,100.0,0.008,0.038,CONFORMAL_PASS,OPTIMAL_CONDUCTION,False,False,0.4189
20,Zenith-Comb-0281,SIRT1+GATA4+PPARGC1A+ESRRG,4,-1.43,0.933,100.0,100.0,0.008,0.038,CONFORMAL_PASS,OPTIMAL_CONDUCTION,False,False,0.4189
21,Zenith-Comb-0474,SIRT1+GATA4+PPARGC1A+NKX2-5,4,-1.43,0.933,100.0,100.0,0.008,0.038,CONFORMAL_PASS,OPTIMAL_CONDUCTION,False,False,0.4189
22,Zenith-Comb-0482,SIRT1+GATA4+PPARGC1A+MEF2C,4,-1.43,0.933,100.0,100.0,0.008,0.038,CONFORMAL_PASS,OPTIMAL_CONDUCTION,False,False,0.4189
23,Zenith-Comb-0049,SIRT1+GATA4,2,-1.79,0.933,100.0,100.0,0.008,0.038,CONFORMAL_PASS,OPTIMAL_CONDUCTION,False,False,0.4069
24,Zenith-Comb-0070,SIRT1+GATA4+FOXO3,3,-1.79,0.933,100.0,100.0,0.008,0.038,CONFORMAL_PASS,OPTIMAL_CONDUCTION,False,False,0.4069
25,Zenith-Comb-0113,SIRT1+GATA4+MEF2C,3,-1.79,0.933,100.0,100.0,0.008,0.038,CONFORMAL_PASS,OPTIMAL_CONDUCTION,False,False,0.4069
26,Zenith-Comb-0116,SIRT1+GATA4+ESRRG,3,-1.79,0.933,100.0,100.0,0.008,0.038,CONFORMAL_PASS,OPTIMAL_CONDUCTION,False,False,0.4069
27,Zenith-Comb-0135,SIRT1+GATA4+NKX2-5,3,-1.79,0.933,100.0,100.0,0.008,0.038,CONFORMAL_PASS,OPTIMAL_CONDUCTION,False,False,0.4069
28,Zenith-Comb-0238,SIRT1+GATA4+HAND2,3,-1.79,0.933,100.0,100.0,0.008,0.038,CONFORMAL_PASS,OPTIMAL_CONDUCTION,False,False,0.4069
29,Zenith-Comb-0244,SIRT1+GATA4+TBX5,3,-1.79,0.933,100.0,100.0,0.008,0.038,CONFORMAL_PASS,OPTIMAL_CONDUCTION,False,False,0.4069
30,Zenith-Comb-0261,SIRT1+GATA4+TET2,3,-1.79,0.933,100.0,100.0,0.008,0.038,CONFORMAL_PASS,OPTIMAL_CONDUCTION,False,False,0.4069
31,Zenith-Comb-0305,SIRT1+GATA4+TBX5+NKX2-5,4,-1.79,0.933,100.0,100.0,0.008,0.038,CONFORMAL_PASS,OPTIMAL_CONDUCTION,False,False,0.4069
32,Zenith-Comb-0318,SIRT1+GATA4+HAND2+ESRRG,4,-1.79,0.933,100.0,100.0,0.008,0.038,CONFORMAL_PASS,OPTIMAL_CONDUCTION,False,False,0.4069
33,Zenith-Comb-0342,SIRT1+GATA4+FOXO3+ESRRG,4,-1.79,0.933,100.0,100.0,0.008,0.038,CONFORMAL_PASS,OPTIMAL_CONDUCTION,False,False,0.4069
34,Zenith-Comb-0394,SIRT1+GATA4+TBX5+TET2,4,-1.79,0.933,100.0,100.0,0.008,0.038,CONFORMAL_PASS,OPTIMAL_CONDUCTION,False,False,0.4069
35,Zenith-Comb-0418,SIRT1+GATA4+MEF2C+ESRRG,4,-1.79,0.933,100.0,100.0,0.008,0.038,CONFORMAL_PASS,OPTIMAL_CONDUCTION,False,False,0.4069
36,Zenith-Comb-0427,SIRT1+GATA4+MEF2C+TET2,4,-1.79,0.933,100.0,100.0,0.008,0.038,CONFORMAL_PASS,OPTIMAL_CONDUCTION,False,False,0.4069
37,Zenith-Comb-0453,SIRT1+GATA4+FOXO3+NKX2-5,4,-1.79,0.933,100.0,100.0,0.008,0.038,CONFORMAL_PASS,OPTIMAL_CONDUCTION,False,False,0.4069
38,Zenith-Comb-0490,SIRT1+GATA4+TBX5+HAND2,4,-1.79,0.933,100.0,100.0,0.008,0.038,CONFORMAL_PASS,OPTIMAL_CONDUCTION,False,False,0.4069
39,Zenith-Comb-0247,SIRT6+GATA4+FOXO3,3,-2.52,0.925,100.0,100.0,0.008,0.038,CONFORMAL_PASS,OPTIMAL_CONDUCTION,False,False,0.3786
40,Zenith-Comb-0343,SIRT6+GATA4+FOXO3+HAND2,4,-2.52,0.925,100.0,100.0,0.008,0.038,CONFORMAL_PASS,OPTIMAL_CONDUCTION,False,False,0.3786
41,Zenith-Comb-0384,SIRT6+GATA4+FOXO3+MEF2C,4,-2.52,0.925,100.0,100.0,0.008,0.038,CONFORMAL_PASS,OPTIMAL_CONDUCTION,False,False,0.3786
42,Zenith-Comb-0136,SIRT6+GATA4+PPARGC1A,3,-2.54,0.925,100.0,100.0,0.008,0.038,CONFORMAL_PASS,OPTIMAL_CONDUCTION,False,False,0.3779
43,Zenith-Comb-0279,SIRT6+GATA4+PPARGC1A+MEF2C,4,-2.54,0.925,100.0,100.0,0.008,0.038,CONFORMAL_PASS,OPTIMAL_CONDUCTION,False,False,0.3779
44,Zenith-Comb-0373,SIRT6+GATA4+PPARGC1A+NKX2-5,4,-2.54,0.925,100.0,100.0,0.008,0.038,CONFORMAL_PASS,OPTIMAL_CONDUCTION,False,False,0.3779
45,Zenith-Comb-0376,SIRT6+GATA4+PPARGC1A+ESRRG,4,-2.54,0.925,100.0,100.0,0.008,0.038,CONFORMAL_PASS,OPTIMAL_CONDUCTION,False,False,0.3779
46,Zenith-Comb-0411,SIRT6+GATA4+PPARGC1A+TET2,4,-2.54,0.925,100.0,100.0,0.008,0.038,CONFORMAL_PASS,OPTIMAL_CONDUCTION,False,False,0.3779
47,Zenith-Comb-0022,SIRT6+GATA4,2,-2.84,0.925,100.0,100.0,0.008,0.038,CONFORMAL_PASS,OPTIMAL_CONDUCTION,False,False,0.3679
48,Zenith-Comb-0066,SIRT6+GATA4+TBX5,3,-2.84,0.925,100.0,100.0,0.008,0.038,CONFORMAL_PASS,OPTIMAL_CONDUCTION,False,False,0.3679
49,Zenith-Comb-0119,SIRT6+GATA4+HAND2,3,-2.84,0.925,100.0,100.0,0.008,0.038,CONFORMAL_PASS,OPTIMAL_CONDUCTION,False,False,0.3679
50,Zenith-Comb-0151,SIRT6+GATA4+NKX2-5,3,-2.84,0.925,100.0,100.0,0.008,0.038,CONFORMAL_PASS,OPTIMAL_CONDUCTION,False,False,0.3679
51,Zenith-Comb-0225,SIRT6+GATA4+TET2,3,-2.84,0.925,100.0,100.0,0.008,0.038,CONFORMAL_PASS,OPTIMAL_CONDUCTION,False,False,0.3679
52,Zenith-Comb-0243,SIRT6+GATA4+MEF2C,3,-2.84,0.925,100.0,100.0,0.008,0.038,CONFORMAL_PASS,OPTIMAL_CONDUCTION,False,False,0.3679
53,Zenith-Comb-0255,SIRT6+GATA4+ESRRG,3,-2.84,0.925,100.0,100.0,0.008,0.038,CONFORMAL_PASS,OPTIMAL_CONDUCTION,False,False,0.3679
54,Zenith-Comb-0290,SIRT6+GATA4+TBX5+ESRRG,4,-2.84,0.925,100.0,100.0,0.008,0.038,CONFORMAL_PASS,OPTIMAL_CONDUCTION,False,False,0.3679
55,Zenith-Comb-0334,SIRT6+GATA4+MEF2C+NKX2-5,4,-2.84,0.925,100.0,100.0,0.008,0.038,CONFORMAL_PASS,OPTIMAL_CONDUCTION,False,False,0.3679
56,Zenith-Comb-0347,SIRT6+GATA4+HAND2+ESRRG,4,-2.84,0.925,100.0,100.0,0.008,0.038,CONFORMAL_PASS,OPTIMAL_CONDUCTION,False,False,0.3679
57,Zenith-Comb-0356,SIRT6+GATA4+ESRRG+TET2,4,-2.84,0.925,100.0,100.0,0.008,0.038,CONFORMAL_PASS,OPTIMAL_CONDUCTION,False,False,0.3679
58,Zenith-Comb-0416,SIRT6+GATA4+MEF2C+TET2,4,-2.84,0.925,100.0,100.0,0.008,0.038,CONFORMAL_PASS,OPTIMAL_CONDUCTION,False,False,0.3679
59,Zenith-Comb-0460,SIRT6+GATA4+NKX2-5+ESRRG,4,-2.84,0.925,100.0,100.0,0.008,0.038,CONFORMAL_PASS,OPTIMAL_CONDUCTION,False,False,0.3679
60,Zenith-Comb-0483,SIRT6+GATA4+TBX5+HAND2,4,-2.84,0.925,100.0,100.0,0.008,0.038,CONFORMAL_PASS,OPTIMAL_CONDUCTION,False,False,0.3679
61,Zenith-Comb-0494,SIRT6+GATA4+MEF2C+HAND2,4,-2.84,0.925,100.0,100.0,0.008,0.038,CONFORMAL_PASS,OPTIMAL_CONDUCTION,False,False,0.3679
62,Zenith-Comb-0107,GATA4+ZBTB16+FOXO3,3,-3.26,0.925,100.0,100.0,0.008,0.038,CONFORMAL_PASS,OPTIMAL_CONDUCTION,False,False,0.3539
63,Zenith-Comb-0447,GATA4+ZBTB16+FOXO3+ESRRG,4,-3.26,0.925,100.0,100.0,0.008,0.038,CONFORMAL_PASS,OPTIMAL_CONDUCTION,False,False,0.3539
64,Zenith-Comb-0231,GATA4+ZBTB16+PPARGC1A,3,-3.27,0.925,100.0,100.0,0.008,0.038,CONFORMAL_PASS,OPTIMAL_CONDUCTION,False,False,0.3536
65,Zenith-Comb-0448,GATA4+ZBTB16+PPARGC1A+MEF2C,4,-3.27,0.925,100.0,100.0,0.008,0.038,CONFORMAL_PASS,OPTIMAL_CONDUCTION,False,False,0.3536
66,Zenith-Comb-0463,GATA4+ZBTB16+PPARGC1A+TET2,4,-3.27,0.925,100.0,100.0,0.008,0.038,CONFORMAL_PASS,OPTIMAL_CONDUCTION,False,False,0.3536
67,Zenith-Comb-0492,GATA4+ZBTB16+PPARGC1A+HAND2,4,-3.27,0.925,100.0,100.0,0.008,0.038,CONFORMAL_PASS,OPTIMAL_CONDUCTION,False,False,0.3536
68,Zenith-Comb-0032,GATA4+ZBTB16,2,-3.48,0.925,100.0,100.0,0.008,0.038,CONFORMAL_PASS,OPTIMAL_CONDUCTION,False,False,0.3466
69,Zenith-Comb-0110,GATA4+ZBTB16+HAND2,3,-3.48,0.925,100.0,100.0,0.008,0.038,CONFORMAL_PASS,OPTIMAL_CONDUCTION,False,False,0.3466
70,Zenith-Comb-0124,GATA4+ZBTB16+ESRRG,3,-3.48,0.925,100.0,100.0,0.008,0.038,CONFORMAL_PASS,OPTIMAL_CONDUCTION,False,False,0.3466
71,Zenith-Comb-0141,GATA4+ZBTB16+NKX2-5,3,-3.48,0.925,100.0,100.0,0.008,0.038,CONFORMAL_PASS,OPTIMAL_CONDUCTION,False,False,0.3466
72,Zenith-Comb-0165,GATA4+ZBTB16+TBX5,3,-3.48,0.925,100.0,100.0,0.008,0.038,CONFORMAL_PASS,OPTIMAL_CONDUCTION,False,False,0.3466
73,Zenith-Comb-0184,GATA4+ZBTB16+TET2,3,-3.48,0.925,100.0,100.0,0.008,0.038,CONFORMAL_PASS,OPTIMAL_CONDUCTION,False,False,0.3466
74,Zenith-Comb-0240,GATA4+ZBTB16+MEF2C,3,-3.48,0.925,100.0,100.0,0.008,0.038,CONFORMAL_PASS,OPTIMAL_CONDUCTION,False,False,0.3466
75,Zenith-Comb-0287,GATA4+ZBTB16+HAND2+TET2,4,-3.48,0.925,100.0,100.0,0.008,0.038,CONFORMAL_PASS,OPTIMAL_CONDUCTION,False,False,0.3466
76,Zenith-Comb-0340,GATA4+ZBTB16+ESRRG+TET2,4,-3.48,0.925,100.0,100.0,0.008,0.038,CONFORMAL_PASS,OPTIMAL_CONDUCTION,False,False,0.3466
77,Zenith-Comb-0385,GATA4+ZBTB16+TBX5+NKX2-5,4,-3.48,0.925,100.0,100.0,0.008,0.038,CONFORMAL_PASS,OPTIMAL_CONDUCTION,False,False,0.3466
78,Zenith-Comb-0431,GATA4+ZBTB16+NKX2-5+ESRRG,4,-3.48,0.925,100.0,100.0,0.008,0.038,CONFORMAL_PASS,OPTIMAL_CONDUCTION,False,False,0.3466
79,Zenith-Comb-0439,GATA4+ZBTB16+HAND2+ESRRG,4,-3.48,0.925,100.0,100.0,0.008,0.038,CONFORMAL_PASS,OPTIMAL_CONDUCTION,False,False,0.3466
80,Zenith-Comb-0470,GATA4+ZBTB16+MEF2C+HAND2,4,-3.48,0.925,100.0,100.0,0.008,0.038,CONFORMAL_PASS,OPTIMAL_CONDUCTION,False,False,0.3466
81,Zenith-Comb-0472,GATA4+ZBTB16+MEF2C+ESRRG,4,-3.48,0.925,100.0,100.0,0.008,0.038,CONFORMAL_PASS,OPTIMAL_CONDUCTION,False,False,0.3466
82,Zenith-Comb-0352,SIRT1+SIRT6+ZBTB16+PPARGC1A,4,9.11,0.685,47.9,81.6,0.008,0.038,CONFORMAL_PASS,ELECTRICAL_UNCOUPLING_WARNING,False,False,0.3231
83,Ablation: dGATA4,SIRT1+SIRT6+ZBTB16,3,8.07,0.685,47.9,81.6,0.008,0.038,CONFORMAL_PASS,ELECTRICAL_UNCOUPLING_WARNING,False,False,0.3058
84,Zenith-Comb-0309,SIRT1+SIRT6+ZBTB16+NKX2-5,4,8.07,0.685,47.9,81.6,0.008,0.038,CONFORMAL_PASS,ELECTRICAL_UNCOUPLING_WARNING,False,False,0.3058
85,Zenith-Comb-0314,SIRT1+SIRT6+ZBTB16+FOXO3,4,8.07,0.685,47.9,81.6,0.008,0.038,CONFORMAL_PASS,ELECTRICAL_UNCOUPLING_WARNING,False,False,0.3058
86,Zenith-Comb-0317,SIRT1+SIRT6+ZBTB16+ESRRG,4,8.07,0.685,47.9,81.6,0.008,0.038,CONFORMAL_PASS,ELECTRICAL_UNCOUPLING_WARNING,False,False,0.3058
87,Zenith-Comb-0408,SIRT1+SIRT6+ZBTB16+TET2,4,8.07,0.685,47.9,81.6,0.008,0.038,CONFORMAL_PASS,ELECTRICAL_UNCOUPLING_WARNING,False,False,0.3058
88,Zenith-Comb-0475,SIRT1+SIRT6+ZBTB16+MEF2C,4,8.07,0.685,47.9,81.6,0.008,0.038,CONFORMAL_PASS,ELECTRICAL_UNCOUPLING_WARNING,False,False,0.3058
89,Srivastava GMT (Control),GATA4+MEF2C+TBX5,3,-5.06,0.925,100.0,100.0,0.008,0.038,CONFORMAL_PASS,OPTIMAL_CONDUCTION,False,False,0.2939
90,Cardiac Triad 1,GATA4+NKX2-5+TBX5,3,-5.06,0.925,100.0,100.0,0.008,0.038,CONFORMAL_PASS,OPTIMAL_CONDUCTION,False,False,0.2939
91,Single Factor: GATA4,GATA4,1,-5.06,0.925,100.0,100.0,0.008,0.038,CONFORMAL_PASS,OPTIMAL_CONDUCTION,False,False,0.2939
92,Zenith-Comb-0003,GATA4+TET2,2,-5.06,0.925,100.0,100.0,0.008,0.038,CONFORMAL_PASS,OPTIMAL_CONDUCTION,False,False,0.2939
93,Zenith-Comb-0004,GATA4+TBX5,2,-5.06,0.925,100.0,100.0,0.008,0.038,CONFORMAL_PASS,OPTIMAL_CONDUCTION,False,False,0.2939
94,Zenith-Comb-0028,GATA4+MEF2C,2,-5.06,0.925,100.0,100.0,0.008,0.038,CONFORMAL_PASS,OPTIMAL_CONDUCTION,False,False,0.2939
95,Zenith-Comb-0036,GATA4+ESRRG,2,-5.06,0.925,100.0,100.0,0.008,0.038,CONFORMAL_PASS,OPTIMAL_CONDUCTION,False,False,0.2939
96,Zenith-Comb-0038,GATA4+NKX2-5,2,-5.06,0.925,100.0,100.0,0.008,0.038,CONFORMAL_PASS,OPTIMAL_CONDUCTION,False,False,0.2939
97,Zenith-Comb-0051,GATA4+HAND2,2,-5.06,0.925,100.0,100.0,0.008,0.038,CONFORMAL_PASS,OPTIMAL_CONDUCTION,False,False,0.2939
98,Zenith-Comb-0065,GATA4+TBX5+TET2,3,-5.06,0.925,100.0,100.0,0.008,0.038,CONFORMAL_PASS,OPTIMAL_CONDUCTION,False,False,0.2939
99,Zenith-Comb-0068,GATA4+MEF2C+NKX2-5,3,-5.06,0.925,100.0,100.0,0.008,0.038,CONFORMAL_PASS,OPTIMAL_CONDUCTION,False,False,0.2939
100,Zenith-Comb-0090,GATA4+MEF2C+TET2,3,-5.06,0.925,100.0,100.0,0.008,0.038,CONFORMAL_PASS,OPTIMAL_CONDUCTION,False,False,0.2939
101,Zenith-Comb-0091,GATA4+NKX2-5+TET2,3,-5.06,0.925,100.0,100.0,0.008,0.038,CONFORMAL_PASS,OPTIMAL_CONDUCTION,False,False,0.2939
102,Zenith-Comb-0093,GATA4+HAND2+ESRRG,3,-5.06,0.925,100.0,100.0,0.008,0.038,CONFORMAL_PASS,OPTIMAL_CONDUCTION,False,False,0.2939
103,Zenith-Comb-0094,GATA4+MEF2C+ESRRG,3,-5.06,0.925,100.0,100.0,0.008,0.038,CONFORMAL_PASS,OPTIMAL_CONDUCTION,False,False,0.2939
104,Zenith-Comb-0130,GATA4+MEF2C+HAND2,3,-5.06,0.925,100.0,100.0,0.008,0.038,CONFORMAL_PASS,OPTIMAL_CONDUCTION,False,False,0.2939
105,Zenith-Comb-0172,GATA4+NKX2-5+ESRRG,3,-5.06,0.925,100.0,100.0,0.008,0.038,CONFORMAL_PASS,OPTIMAL_CONDUCTION,False,False,0.2939
106,Zenith-Comb-0186,GATA4+HAND2+TET2,3,-5.06,0.925,100.0,100.0,0.008,0.038,CONFORMAL_PASS,OPTIMAL_CONDUCTION,False,False,0.2939
107,Zenith-Comb-0189,GATA4+TBX5+ESRRG,3,-5.06,0.925,100.0,100.0,0.008,0.038,CONFORMAL_PASS,OPTIMAL_CONDUCTION,False,False,0.2939
108,Zenith-Comb-0203,GATA4+ESRRG+TET2,3,-5.06,0.925,100.0,100.0,0.008,0.038,CONFORMAL_PASS,OPTIMAL_CONDUCTION,False,False,0.2939
109,Zenith-Comb-0214,GATA4+NKX2-5+HAND2,3,-5.06,0.925,100.0,100.0,0.008,0.038,CONFORMAL_PASS,OPTIMAL_CONDUCTION,False,False,0.2939
110,Zenith-Comb-0232,GATA4+TBX5+HAND2,3,-5.06,0.925,100.0,100.0,0.008,0.038,CONFORMAL_PASS,OPTIMAL_CONDUCTION,False,False,0.2939
111,Zenith-Comb-0303,GATA4+MEF2C+TBX5+TET2,4,-5.06,0.925,100.0,100.0,0.008,0.038,CONFORMAL_PASS,OPTIMAL_CONDUCTION,False,False,0.2939
112,Zenith-Comb-0323,GATA4+TBX5+NKX2-5+HAND2,4,-5.06,0.925,100.0,100.0,0.008,0.038,CONFORMAL_PASS,OPTIMAL_CONDUCTION,False,False,0.2939
113,Zenith-Comb-0332,GATA4+MEF2C+TBX5+NKX2-5,4,-5.06,0.925,100.0,100.0,0.008,0.038,CONFORMAL_PASS,OPTIMAL_CONDUCTION,False,False,0.2939
114,Zenith-Comb-0372,GATA4+TBX5+HAND2+ESRRG,4,-5.06,0.925,100.0,100.0,0.008,0.038,CONFORMAL_PASS,OPTIMAL_CONDUCTION,False,False,0.2939
115,Zenith-Comb-0397,GATA4+MEF2C+ESRRG+TET2,4,-5.06,0.925,100.0,100.0,0.008,0.038,CONFORMAL_PASS,OPTIMAL_CONDUCTION,False,False,0.2939
116,Zenith-Comb-0400,GATA4+TBX5+NKX2-5+TET2,4,-5.06,0.925,100.0,100.0,0.008,0.038,CONFORMAL_PASS,OPTIMAL_CONDUCTION,False,False,0.2939
117,Zenith-Comb-0406,GATA4+HAND2+ESRRG+TET2,4,-5.06,0.925,100.0,100.0,0.008,0.038,CONFORMAL_PASS,OPTIMAL_CONDUCTION,False,False,0.2939
118,Zenith-Comb-0429,GATA4+MEF2C+NKX2-5+HAND2,4,-5.06,0.925,100.0,100.0,0.008,0.038,CONFORMAL_PASS,OPTIMAL_CONDUCTION,False,False,0.2939
119,Zenith-Comb-0456,GATA4+MEF2C+NKX2-5+TET2,4,-5.06,0.925,100.0,100.0,0.008,0.038,CONFORMAL_PASS,OPTIMAL_CONDUCTION,False,False,0.2939
120,Zenith-Comb-0466,GATA4+TBX5+HAND2+TET2,4,-5.06,0.925,100.0,100.0,0.008,0.038,CONFORMAL_PASS,OPTIMAL_CONDUCTION,False,False,0.2939
121,Zenith-Comb-0486,GATA4+TBX5+ESRRG+TET2,4,-5.06,0.925,100.0,100.0,0.008,0.038,CONFORMAL_PASS,OPTIMAL_CONDUCTION,False,False,0.2939
122,Zenith-Comb-0016,GATA4+PPARGC1A,2,-5.11,0.925,100.0,100.0,0.008,0.038,CONFORMAL_PASS,OPTIMAL_CONDUCTION,False,False,0.2923
123,Zenith-Comb-0021,GATA4+FOXO3,2,-5.11,0.925,100.0,100.0,0.008,0.038,CONFORMAL_PASS,OPTIMAL_CONDUCTION,False,False,0.2923
124,Zenith-Comb-0079,GATA4+PPARGC1A+MEF2C,3,-5.11,0.925,100.0,100.0,0.008,0.038,CONFORMAL_PASS,OPTIMAL_CONDUCTION,False,False,0.2923
125,Zenith-Comb-0083,GATA4+FOXO3+TBX5,3,-5.11,0.925,100.0,100.0,0.008,0.038,CONFORMAL_PASS,OPTIMAL_CONDUCTION,False,False,0.2923
126,Zenith-Comb-0114,GATA4+FOXO3+ESRRG,3,-5.11,0.925,100.0,100.0,0.008,0.038,CONFORMAL_PASS,OPTIMAL_CONDUCTION,False,False,0.2923
127,Zenith-Comb-0143,GATA4+FOXO3+TET2,3,-5.11,0.925,100.0,100.0,0.008,0.038,CONFORMAL_PASS,OPTIMAL_CONDUCTION,False,False,0.2923
128,Zenith-Comb-0146,GATA4+PPARGC1A+TET2,3,-5.11,0.925,100.0,100.0,0.008,0.038,CONFORMAL_PASS,OPTIMAL_CONDUCTION,False,False,0.2923
129,Zenith-Comb-0147,GATA4+FOXO3+HAND2,3,-5.11,0.925,100.0,100.0,0.008,0.038,CONFORMAL_PASS,OPTIMAL_CONDUCTION,False,False,0.2923
130,Zenith-Comb-0193,GATA4+FOXO3+NKX2-5,3,-5.11,0.925,100.0,100.0,0.008,0.038,CONFORMAL_PASS,OPTIMAL_CONDUCTION,False,False,0.2923
131,Zenith-Comb-0204,GATA4+PPARGC1A+ESRRG,3,-5.11,0.925,100.0,100.0,0.008,0.038,CONFORMAL_PASS,OPTIMAL_CONDUCTION,False,False,0.2923
132,Zenith-Comb-0220,GATA4+FOXO3+MEF2C,3,-5.11,0.925,100.0,100.0,0.008,0.038,CONFORMAL_PASS,OPTIMAL_CONDUCTION,False,False,0.2923
133,Zenith-Comb-0229,GATA4+PPARGC1A+NKX2-5,3,-5.11,0.925,100.0,100.0,0.008,0.038,CONFORMAL_PASS,OPTIMAL_CONDUCTION,False,False,0.2923
134,Zenith-Comb-0253,GATA4+PPARGC1A+HAND2,3,-5.11,0.925,100.0,100.0,0.008,0.038,CONFORMAL_PASS,OPTIMAL_CONDUCTION,False,False,0.2923
135,Zenith-Comb-0274,GATA4+PPARGC1A+TBX5,3,-5.11,0.925,100.0,100.0,0.008,0.038,CONFORMAL_PASS,OPTIMAL_CONDUCTION,False,False,0.2923
136,Zenith-Comb-0289,GATA4+FOXO3+TBX5+HAND2,4,-5.11,0.925,100.0,100.0,0.008,0.038,CONFORMAL_PASS,OPTIMAL_CONDUCTION,False,False,0.2923
137,Zenith-Comb-0349,GATA4+FOXO3+MEF2C+TBX5,4,-5.11,0.925,100.0,100.0,0.008,0.038,CONFORMAL_PASS,OPTIMAL_CONDUCTION,False,False,0.2923
138,Zenith-Comb-0351,GATA4+FOXO3+MEF2C+ESRRG,4,-5.11,0.925,100.0,100.0,0.008,0.038,CONFORMAL_PASS,OPTIMAL_CONDUCTION,False,False,0.2923
139,Zenith-Comb-0399,GATA4+FOXO3+MEF2C+TET2,4,-5.11,0.925,100.0,100.0,0.008,0.038,CONFORMAL_PASS,OPTIMAL_CONDUCTION,False,False,0.2923
140,Zenith-Comb-0442,GATA4+PPARGC1A+MEF2C+ESRRG,4,-5.11,0.925,100.0,100.0,0.008,0.038,CONFORMAL_PASS,OPTIMAL_CONDUCTION,False,False,0.2923
141,Zenith-Comb-0465,GATA4+FOXO3+NKX2-5+ESRRG,4,-5.11,0.925,100.0,100.0,0.008,0.038,CONFORMAL_PASS,OPTIMAL_CONDUCTION,False,False,0.2923
142,Zenith-Comb-0471,GATA4+PPARGC1A+TBX5+HAND2,4,-5.11,0.925,100.0,100.0,0.008,0.038,CONFORMAL_PASS,OPTIMAL_CONDUCTION,False,False,0.2923
143,Zenith-Comb-0479,GATA4+PPARGC1A+NKX2-5+ESRRG,4,-5.11,0.925,100.0,100.0,0.008,0.038,CONFORMAL_PASS,OPTIMAL_CONDUCTION,False,False,0.2923
144,Zenith-Comb-0480,GATA4+FOXO3+MEF2C+HAND2,4,-5.11,0.925,100.0,100.0,0.008,0.038,CONFORMAL_PASS,OPTIMAL_CONDUCTION,False,False,0.2923
145,Zenith-Comb-0491,GATA4+FOXO3+ESRRG+TET2,4,-5.11,0.925,100.0,100.0,0.008,0.038,CONFORMAL_PASS,OPTIMAL_CONDUCTION,False,False,0.2923
146,Zenith-Comb-0495,GATA4+PPARGC1A+HAND2+TET2,4,-5.11,0.925,100.0,100.0,0.008,0.038,CONFORMAL_PASS,OPTIMAL_CONDUCTION,False,False,0.2923
147,Zenith-Comb-0497,GATA4+FOXO3+MEF2C+NKX2-5,4,-5.11,0.925,100.0,100.0,0.008,0.038,CONFORMAL_PASS,OPTIMAL_CONDUCTION,False,False,0.2923
148,Zenith-Comb-0208,GATA4+FOXO3+PPARGC1A,3,-5.16,0.925,100.0,100.0,0.008,0.038,CONFORMAL_PASS,OPTIMAL_CONDUCTION,False,False,0.2906
149,Zenith-Comb-0095,SIRT1+SIRT6+PPARGC1A,3,4.64,0.685,47.9,81.6,0.008,0.038,CONFORMAL_PASS,ELECTRICAL_UNCOUPLING_WARNING,False,False,0.2486
150,Zenith-Comb-0337,SIRT1+SIRT6+PPARGC1A+MEF2C,4,4.64,0.685,47.9,81.6,0.008,0.038,CONFORMAL_PASS,ELECTRICAL_UNCOUPLING_WARNING,False,False,0.2486
151,Zenith-Comb-0350,SIRT1+SIRT6+FOXO3+PPARGC1A,4,4.64,0.685,47.9,81.6,0.008,0.038,CONFORMAL_PASS,ELECTRICAL_UNCOUPLING_WARNING,False,False,0.2486
152,Zenith-Comb-0374,SIRT1+SIRT6+PPARGC1A+ESRRG,4,4.64,0.685,47.9,81.6,0.008,0.038,CONFORMAL_PASS,ELECTRICAL_UNCOUPLING_WARNING,False,False,0.2486
153,Zenith-Comb-0455,SIRT1+SIRT6+PPARGC1A+HAND2,4,4.64,0.685,47.9,81.6,0.008,0.038,CONFORMAL_PASS,ELECTRICAL_UNCOUPLING_WARNING,False,False,0.2486
154,Dual Sirtuin (Benchmark),SIRT1+SIRT6,2,3.79,0.685,47.9,81.6,0.008,0.038,CONFORMAL_PASS,ELECTRICAL_UNCOUPLING_WARNING,False,False,0.2345
155,Zenith-Comb-0081,SIRT1+SIRT6+TBX5,3,3.79,0.685,47.9,81.6,0.008,0.038,CONFORMAL_PASS,ELECTRICAL_UNCOUPLING_WARNING,False,False,0.2345
156,Zenith-Comb-0102,SIRT1+SIRT6+NKX2-5,3,3.79,0.685,47.9,81.6,0.008,0.038,CONFORMAL_PASS,ELECTRICAL_UNCOUPLING_WARNING,False,False,0.2345
157,Zenith-Comb-0123,SIRT1+SIRT6+MEF2C,3,3.79,0.685,47.9,81.6,0.008,0.038,CONFORMAL_PASS,ELECTRICAL_UNCOUPLING_WARNING,False,False,0.2345
158,Zenith-Comb-0126,SIRT1+SIRT6+TET2,3,3.79,0.685,47.9,81.6,0.008,0.038,CONFORMAL_PASS,ELECTRICAL_UNCOUPLING_WARNING,False,False,0.2345
159,Zenith-Comb-0162,SIRT1+SIRT6+HAND2,3,3.79,0.685,47.9,81.6,0.008,0.038,CONFORMAL_PASS,ELECTRICAL_UNCOUPLING_WARNING,False,False,0.2345
160,Zenith-Comb-0200,SIRT1+SIRT6+FOXO3,3,3.79,0.685,47.9,81.6,0.008,0.038,CONFORMAL_PASS,ELECTRICAL_UNCOUPLING_WARNING,False,False,0.2345
161,Zenith-Comb-0242,SIRT1+SIRT6+ESRRG,3,3.79,0.685,47.9,81.6,0.008,0.038,CONFORMAL_PASS,ELECTRICAL_UNCOUPLING_WARNING,False,False,0.2345
162,Zenith-Comb-0280,SIRT1+SIRT6+HAND2+ESRRG,4,3.79,0.685,47.9,81.6,0.008,0.038,CONFORMAL_PASS,ELECTRICAL_UNCOUPLING_WARNING,False,False,0.2345
163,Zenith-Comb-0297,SIRT1+SIRT6+TBX5+HAND2,4,3.79,0.685,47.9,81.6,0.008,0.038,CONFORMAL_PASS,ELECTRICAL_UNCOUPLING_WARNING,False,False,0.2345
164,Zenith-Comb-0346,SIRT1+SIRT6+MEF2C+ESRRG,4,3.79,0.685,47.9,81.6,0.008,0.038,CONFORMAL_PASS,ELECTRICAL_UNCOUPLING_WARNING,False,False,0.2345
165,Zenith-Comb-0410,SIRT1+SIRT6+NKX2-5+HAND2,4,3.79,0.685,47.9,81.6,0.008,0.038,CONFORMAL_PASS,ELECTRICAL_UNCOUPLING_WARNING,False,False,0.2345
166,Zenith-Comb-0432,SIRT1+SIRT6+NKX2-5+ESRRG,4,3.79,0.685,47.9,81.6,0.008,0.038,CONFORMAL_PASS,ELECTRICAL_UNCOUPLING_WARNING,False,False,0.2345
167,Zenith-Comb-0484,SIRT1+SIRT6+FOXO3+TET2,4,3.79,0.685,47.9,81.6,0.008,0.038,CONFORMAL_PASS,ELECTRICAL_UNCOUPLING_WARNING,False,False,0.2345
168,Zenith-Comb-0493,SIRT1+SIRT6+HAND2+TET2,4,3.79,0.685,47.9,81.6,0.008,0.038,CONFORMAL_PASS,ELECTRICAL_UNCOUPLING_WARNING,False,False,0.2345
169,Zenith-Comb-0176,SIRT1+ZBTB16+PPARGC1A,3,0.39,0.67,47.9,81.6,0.008,0.038,CONFORMAL_PASS,ELECTRICAL_UNCOUPLING_WARNING,False,False,0.174
170,Zenith-Comb-0285,SIRT1+ZBTB16+PPARGC1A+MEF2C,4,0.39,0.67,47.9,81.6,0.008,0.038,CONFORMAL_PASS,ELECTRICAL_UNCOUPLING_WARNING,False,False,0.174
171,Zenith-Comb-0291,SIRT1+ZBTB16+PPARGC1A+ESRRG,4,0.39,0.67,47.9,81.6,0.008,0.038,CONFORMAL_PASS,ELECTRICAL_UNCOUPLING_WARNING,False,False,0.174
172,Zenith-Comb-0326,SIRT1+ZBTB16+PPARGC1A+TET2,4,0.39,0.67,47.9,81.6,0.008,0.038,CONFORMAL_PASS,ELECTRICAL_UNCOUPLING_WARNING,False,False,0.174
173,Zenith-Comb-0393,SIRT1+ZBTB16+PPARGC1A+TBX5,4,0.39,0.67,47.9,81.6,0.008,0.038,CONFORMAL_PASS,ELECTRICAL_UNCOUPLING_WARNING,False,False,0.174
174,Zenith-Comb-0050,SIRT1+ZBTB16,2,-0.2,0.67,47.9,81.6,0.008,0.038,CONFORMAL_PASS,ELECTRICAL_UNCOUPLING_WARNING,False,False,0.1642
175,Zenith-Comb-0075,SIRT1+ZBTB16+HAND2,3,-0.2,0.67,47.9,81.6,0.008,0.038,CONFORMAL_PASS,ELECTRICAL_UNCOUPLING_WARNING,False,False,0.1642
176,Zenith-Comb-0099,SIRT1+ZBTB16+TBX5,3,-0.2,0.67,47.9,81.6,0.008,0.038,CONFORMAL_PASS,ELECTRICAL_UNCOUPLING_WARNING,False,False,0.1642
177,Zenith-Comb-0104,SIRT1+ZBTB16+TET2,3,-0.2,0.67,47.9,81.6,0.008,0.038,CONFORMAL_PASS,ELECTRICAL_UNCOUPLING_WARNING,False,False,0.1642
178,Zenith-Comb-0149,SIRT1+ZBTB16+MEF2C,3,-0.2,0.67,47.9,81.6,0.008,0.038,CONFORMAL_PASS,ELECTRICAL_UNCOUPLING_WARNING,False,False,0.1642
179,Zenith-Comb-0179,SIRT1+ZBTB16+FOXO3,3,-0.2,0.67,47.9,81.6,0.008,0.038,CONFORMAL_PASS,ELECTRICAL_UNCOUPLING_WARNING,False,False,0.1642
180,Zenith-Comb-0213,SIRT1+ZBTB16+NKX2-5,3,-0.2,0.67,47.9,81.6,0.008,0.038,CONFORMAL_PASS,ELECTRICAL_UNCOUPLING_WARNING,False,False,0.1642
181,Zenith-Comb-0277,SIRT1+ZBTB16+ESRRG,3,-0.2,0.67,47.9,81.6,0.008,0.038,CONFORMAL_PASS,ELECTRICAL_UNCOUPLING_WARNING,False,False,0.1642
182,Zenith-Comb-0278,SIRT1+ZBTB16+TBX5+NKX2-5,4,-0.2,0.67,47.9,81.6,0.008,0.038,CONFORMAL_PASS,ELECTRICAL_UNCOUPLING_WARNING,False,False,0.1642
183,Zenith-Comb-0293,SIRT1+ZBTB16+NKX2-5+TET2,4,-0.2,0.67,47.9,81.6,0.008,0.038,CONFORMAL_PASS,ELECTRICAL_UNCOUPLING_WARNING,False,False,0.1642
184,Zenith-Comb-0311,SIRT1+ZBTB16+FOXO3+TET2,4,-0.2,0.67,47.9,81.6,0.008,0.038,CONFORMAL_PASS,ELECTRICAL_UNCOUPLING_WARNING,False,False,0.1642
185,Zenith-Comb-0358,SIRT1+ZBTB16+TBX5+ESRRG,4,-0.2,0.67,47.9,81.6,0.008,0.038,CONFORMAL_PASS,ELECTRICAL_UNCOUPLING_WARNING,False,False,0.1642
186,Zenith-Comb-0364,SIRT1+ZBTB16+FOXO3+ESRRG,4,-0.2,0.67,47.9,81.6,0.008,0.038,CONFORMAL_PASS,ELECTRICAL_UNCOUPLING_WARNING,False,False,0.1642
187,Zenith-Comb-0377,SIRT1+ZBTB16+MEF2C+TBX5,4,-0.2,0.67,47.9,81.6,0.008,0.038,CONFORMAL_PASS,ELECTRICAL_UNCOUPLING_WARNING,False,False,0.1642
188,Zenith-Comb-0382,SIRT1+ZBTB16+MEF2C+HAND2,4,-0.2,0.67,47.9,81.6,0.008,0.038,CONFORMAL_PASS,ELECTRICAL_UNCOUPLING_WARNING,False,False,0.1642
189,Zenith-Comb-0454,SIRT1+ZBTB16+ESRRG+TET2,4,-0.2,0.67,47.9,81.6,0.008,0.038,CONFORMAL_PASS,ELECTRICAL_UNCOUPLING_WARNING,False,False,0.1642
190,Zenith-Comb-0469,SIRT1+ZBTB16+HAND2+ESRRG,4,-0.2,0.67,47.9,81.6,0.008,0.038,CONFORMAL_PASS,ELECTRICAL_UNCOUPLING_WARNING,False,False,0.1642
191,Zenith-Comb-0485,SIRT1+ZBTB16+FOXO3+HAND2,4,-0.2,0.67,47.9,81.6,0.008,0.038,CONFORMAL_PASS,ELECTRICAL_UNCOUPLING_WARNING,False,False,0.1642
192,Zenith-Comb-0202,SIRT6+ZBTB16+FOXO3,3,-1.05,0.662,47.9,81.6,0.008,0.038,CONFORMAL_PASS,ELECTRICAL_UNCOUPLING_WARNING,False,False,0.148
193,Zenith-Comb-0417,SIRT6+ZBTB16+FOXO3+TET2,4,-1.05,0.662,47.9,81.6,0.008,0.038,CONFORMAL_PASS,ELECTRICAL_UNCOUPLING_WARNING,False,False,0.148
194,Zenith-Comb-0496,SIRT6+ZBTB16+FOXO3+TBX5,4,-1.05,0.662,47.9,81.6,0.008,0.038,CONFORMAL_PASS,ELECTRICAL_UNCOUPLING_WARNING,False,False,0.148
195,Zenith-Comb-0072,SIRT6+ZBTB16+PPARGC1A,3,-1.09,0.662,47.9,81.6,0.008,0.038,CONFORMAL_PASS,ELECTRICAL_UNCOUPLING_WARNING,False,False,0.1473
196,Zenith-Comb-0354,SIRT6+ZBTB16+PPARGC1A+ESRRG,4,-1.09,0.662,47.9,81.6,0.008,0.038,CONFORMAL_PASS,ELECTRICAL_UNCOUPLING_WARNING,False,False,0.1473
197,Zenith-Comb-0041,SIRT6+ZBTB16,2,-1.62,0.662,47.9,81.6,0.008,0.038,CONFORMAL_PASS,ELECTRICAL_UNCOUPLING_WARNING,False,False,0.1385
198,Zenith-Comb-0137,SIRT6+ZBTB16+MEF2C,3,-1.62,0.662,47.9,81.6,0.008,0.038,CONFORMAL_PASS,ELECTRICAL_UNCOUPLING_WARNING,False,False,0.1385
199,Zenith-Comb-0150,SIRT6+ZBTB16+ESRRG,3,-1.62,0.662,47.9,81.6,0.008,0.038,CONFORMAL_PASS,ELECTRICAL_UNCOUPLING_WARNING,False,False,0.1385
200,Zenith-Comb-0227,SIRT6+ZBTB16+TBX5,3,-1.62,0.662,47.9,81.6,0.008,0.038,CONFORMAL_PASS,ELECTRICAL_UNCOUPLING_WARNING,False,False,0.1385
201,Zenith-Comb-0251,SIRT6+ZBTB16+HAND2,3,-1.62,0.662,47.9,81.6,0.008,0.038,CONFORMAL_PASS,ELECTRICAL_UNCOUPLING_WARNING,False,False,0.1385
202,Zenith-Comb-0265,SIRT6+ZBTB16+NKX2-5,3,-1.62,0.662,47.9,81.6,0.008,0.038,CONFORMAL_PASS,ELECTRICAL_UNCOUPLING_WARNING,False,False,0.1385
203,Zenith-Comb-0275,SIRT6+ZBTB16+TET2,3,-1.62,0.662,47.9,81.6,0.008,0.038,CONFORMAL_PASS,ELECTRICAL_UNCOUPLING_WARNING,False,False,0.1385
204,Zenith-Comb-0319,SIRT6+ZBTB16+ESRRG+TET2,4,-1.62,0.662,47.9,81.6,0.008,0.038,CONFORMAL_PASS,ELECTRICAL_UNCOUPLING_WARNING,False,False,0.1385
205,Zenith-Comb-0366,SIRT6+ZBTB16+MEF2C+NKX2-5,4,-1.62,0.662,47.9,81.6,0.008,0.038,CONFORMAL_PASS,ELECTRICAL_UNCOUPLING_WARNING,False,False,0.1385
206,Zenith-Comb-0381,SIRT6+ZBTB16+NKX2-5+TET2,4,-1.62,0.662,47.9,81.6,0.008,0.038,CONFORMAL_PASS,ELECTRICAL_UNCOUPLING_WARNING,False,False,0.1385
207,Zenith-Comb-0409,SIRT6+ZBTB16+TBX5+ESRRG,4,-1.62,0.662,47.9,81.6,0.008,0.038,CONFORMAL_PASS,ELECTRICAL_UNCOUPLING_WARNING,False,False,0.1385
208,Zenith-Comb-0443,SIRT6+ZBTB16+MEF2C+ESRRG,4,-1.62,0.662,47.9,81.6,0.008,0.038,CONFORMAL_PASS,ELECTRICAL_UNCOUPLING_WARNING,False,False,0.1385
209,Zenith-Comb-0458,SIRT6+ZBTB16+HAND2+TET2,4,-1.62,0.662,47.9,81.6,0.008,0.038,CONFORMAL_PASS,ELECTRICAL_UNCOUPLING_WARNING,False,False,0.1385
210,Zenith-Comb-0473,SIRT6+ZBTB16+TBX5+NKX2-5,4,-1.62,0.662,47.9,81.6,0.008,0.038,CONFORMAL_PASS,ELECTRICAL_UNCOUPLING_WARNING,False,False,0.1385
211,Metabolic Sirtuin,SIRT1+PPARGC1A+ESRRG,3,-2.63,0.67,47.9,81.6,0.008,0.038,CONFORMAL_PASS,ELECTRICAL_UNCOUPLING_WARNING,False,False,0.1237
212,Zenith-Comb-0030,SIRT1+PPARGC1A,2,-2.63,0.67,47.9,81.6,0.008,0.038,CONFORMAL_PASS,ELECTRICAL_UNCOUPLING_WARNING,False,False,0.1237
213,Zenith-Comb-0098,SIRT1+PPARGC1A+HAND2,3,-2.63,0.67,47.9,81.6,0.008,0.038,CONFORMAL_PASS,ELECTRICAL_UNCOUPLING_WARNING,False,False,0.1237
214,Zenith-Comb-0112,SIRT1+PPARGC1A+MEF2C,3,-2.63,0.67,47.9,81.6,0.008,0.038,CONFORMAL_PASS,ELECTRICAL_UNCOUPLING_WARNING,False,False,0.1237
215,Zenith-Comb-0187,SIRT1+FOXO3+PPARGC1A,3,-2.63,0.67,47.9,81.6,0.008,0.038,CONFORMAL_PASS,ELECTRICAL_UNCOUPLING_WARNING,False,False,0.1237
216,Zenith-Comb-0210,SIRT1+PPARGC1A+TET2,3,-2.63,0.67,47.9,81.6,0.008,0.038,CONFORMAL_PASS,ELECTRICAL_UNCOUPLING_WARNING,False,False,0.1237
217,Zenith-Comb-0226,SIRT1+PPARGC1A+TBX5,3,-2.63,0.67,47.9,81.6,0.008,0.038,CONFORMAL_PASS,ELECTRICAL_UNCOUPLING_WARNING,False,False,0.1237
218,Zenith-Comb-0228,SIRT1+PPARGC1A+NKX2-5,3,-2.63,0.67,47.9,81.6,0.008,0.038,CONFORMAL_PASS,ELECTRICAL_UNCOUPLING_WARNING,False,False,0.1237
219,Zenith-Comb-0283,SIRT1+PPARGC1A+TBX5+ESRRG,4,-2.63,0.67,47.9,81.6,0.008,0.038,CONFORMAL_PASS,ELECTRICAL_UNCOUPLING_WARNING,False,False,0.1237
220,Zenith-Comb-0353,SIRT1+PPARGC1A+TBX5+TET2,4,-2.63,0.67,47.9,81.6,0.008,0.038,CONFORMAL_PASS,ELECTRICAL_UNCOUPLING_WARNING,False,False,0.1237
221,Zenith-Comb-0422,SIRT1+FOXO3+PPARGC1A+HAND2,4,-2.63,0.67,47.9,81.6,0.008,0.038,CONFORMAL_PASS,ELECTRICAL_UNCOUPLING_WARNING,False,False,0.1237
222,Zenith-Comb-0441,SIRT1+PPARGC1A+HAND2+TET2,4,-2.63,0.67,47.9,81.6,0.008,0.038,CONFORMAL_PASS,ELECTRICAL_UNCOUPLING_WARNING,False,False,0.1237
223,Zenith-Comb-0451,SIRT1+PPARGC1A+MEF2C+HAND2,4,-2.63,0.67,47.9,81.6,0.008,0.038,CONFORMAL_PASS,ELECTRICAL_UNCOUPLING_WARNING,False,False,0.1237
224,Zenith-Comb-0489,SIRT1+PPARGC1A+MEF2C+NKX2-5,4,-2.63,0.67,47.9,81.6,0.008,0.038,CONFORMAL_PASS,ELECTRICAL_UNCOUPLING_WARNING,False,False,0.1237
225,Single Factor: SIRT1,SIRT1,1,-2.99,0.67,47.9,81.6,0.008,0.038,CONFORMAL_PASS,ELECTRICAL_UNCOUPLING_WARNING,False,False,0.1177
226,Zenith-Comb-0005,SIRT1+NKX2-5,2,-2.99,0.67,47.9,81.6,0.008,0.038,CONFORMAL_PASS,ELECTRICAL_UNCOUPLING_WARNING,False,False,0.1177
227,Zenith-Comb-0011,SIRT1+ESRRG,2,-2.99,0.67,47.9,81.6,0.008,0.038,CONFORMAL_PASS,ELECTRICAL_UNCOUPLING_WARNING,False,False,0.1177
228,Zenith-Comb-0034,SIRT1+TET2,2,-2.99,0.67,47.9,81.6,0.008,0.038,CONFORMAL_PASS,ELECTRICAL_UNCOUPLING_WARNING,False,False,0.1177
229,Zenith-Comb-0053,SIRT1+MEF2C,2,-2.99,0.67,47.9,81.6,0.008,0.038,CONFORMAL_PASS,ELECTRICAL_UNCOUPLING_WARNING,False,False,0.1177
230,Zenith-Comb-0057,SIRT1+TBX5,2,-2.99,0.67,47.9,81.6,0.008,0.038,CONFORMAL_PASS,ELECTRICAL_UNCOUPLING_WARNING,False,False,0.1177
231,Zenith-Comb-0059,SIRT1+HAND2,2,-2.99,0.67,47.9,81.6,0.008,0.038,CONFORMAL_PASS,ELECTRICAL_UNCOUPLING_WARNING,False,False,0.1177
232,Zenith-Comb-0063,SIRT1+FOXO3,2,-2.99,0.67,47.9,81.6,0.008,0.038,CONFORMAL_PASS,ELECTRICAL_UNCOUPLING_WARNING,False,False,0.1177
233,Zenith-Comb-0076,SIRT1+HAND2+ESRRG,3,-2.99,0.67,47.9,81.6,0.008,0.038,CONFORMAL_PASS,ELECTRICAL_UNCOUPLING_WARNING,False,False,0.1177
234,Zenith-Comb-0078,SIRT1+NKX2-5+HAND2,3,-2.99,0.67,47.9,81.6,0.008,0.038,CONFORMAL_PASS,ELECTRICAL_UNCOUPLING_WARNING,False,False,0.1177
235,Zenith-Comb-0080,SIRT1+TBX5+TET2,3,-2.99,0.67,47.9,81.6,0.008,0.038,CONFORMAL_PASS,ELECTRICAL_UNCOUPLING_WARNING,False,False,0.1177
236,Zenith-Comb-0082,SIRT1+NKX2-5+ESRRG,3,-2.99,0.67,47.9,81.6,0.008,0.038,CONFORMAL_PASS,ELECTRICAL_UNCOUPLING_WARNING,False,False,0.1177
237,Zenith-Comb-0105,SIRT1+MEF2C+TET2,3,-2.99,0.67,47.9,81.6,0.008,0.038,CONFORMAL_PASS,ELECTRICAL_UNCOUPLING_WARNING,False,False,0.1177
238,Zenith-Comb-0115,SIRT1+MEF2C+HAND2,3,-2.99,0.67,47.9,81.6,0.008,0.038,CONFORMAL_PASS,ELECTRICAL_UNCOUPLING_WARNING,False,False,0.1177
239,Zenith-Comb-0118,SIRT1+FOXO3+ESRRG,3,-2.99,0.67,47.9,81.6,0.008,0.038,CONFORMAL_PASS,ELECTRICAL_UNCOUPLING_WARNING,False,False,0.1177
240,Zenith-Comb-0134,SIRT1+FOXO3+HAND2,3,-2.99,0.67,47.9,81.6,0.008,0.038,CONFORMAL_PASS,ELECTRICAL_UNCOUPLING_WARNING,False,False,0.1177
241,Zenith-Comb-0140,SIRT1+NKX2-5+TET2,3,-2.99,0.67,47.9,81.6,0.008,0.038,CONFORMAL_PASS,ELECTRICAL_UNCOUPLING_WARNING,False,False,0.1177
242,Zenith-Comb-0148,SIRT1+FOXO3+TET2,3,-2.99,0.67,47.9,81.6,0.008,0.038,CONFORMAL_PASS,ELECTRICAL_UNCOUPLING_WARNING,False,False,0.1177
243,Zenith-Comb-0163,SIRT1+FOXO3+NKX2-5,3,-2.99,0.67,47.9,81.6,0.008,0.038,CONFORMAL_PASS,ELECTRICAL_UNCOUPLING_WARNING,False,False,0.1177
244,Zenith-Comb-0166,SIRT1+TBX5+HAND2,3,-2.99,0.67,47.9,81.6,0.008,0.038,CONFORMAL_PASS,ELECTRICAL_UNCOUPLING_WARNING,False,False,0.1177
245,Zenith-Comb-0178,SIRT1+TBX5+ESRRG,3,-2.99,0.67,47.9,81.6,0.008,0.038,CONFORMAL_PASS,ELECTRICAL_UNCOUPLING_WARNING,False,False,0.1177
246,Zenith-Comb-0188,SIRT1+TBX5+NKX2-5,3,-2.99,0.67,47.9,81.6,0.008,0.038,CONFORMAL_PASS,ELECTRICAL_UNCOUPLING_WARNING,False,False,0.1177
247,Zenith-Comb-0199,SIRT1+FOXO3+TBX5,3,-2.99,0.67,47.9,81.6,0.008,0.038,CONFORMAL_PASS,ELECTRICAL_UNCOUPLING_WARNING,False,False,0.1177
248,Zenith-Comb-0209,SIRT1+MEF2C+TBX5,3,-2.99,0.67,47.9,81.6,0.008,0.038,CONFORMAL_PASS,ELECTRICAL_UNCOUPLING_WARNING,False,False,0.1177
249,Zenith-Comb-0211,SIRT1+FOXO3+MEF2C,3,-2.99,0.67,47.9,81.6,0.008,0.038,CONFORMAL_PASS,ELECTRICAL_UNCOUPLING_WARNING,False,False,0.1177
250,Zenith-Comb-0237,SIRT1+ESRRG+TET2,3,-2.99,0.67,47.9,81.6,0.008,0.038,CONFORMAL_PASS,ELECTRICAL_UNCOUPLING_WARNING,False,False,0.1177
251,Zenith-Comb-0258,SIRT1+MEF2C+ESRRG,3,-2.99,0.67,47.9,81.6,0.008,0.038,CONFORMAL_PASS,ELECTRICAL_UNCOUPLING_WARNING,False,False,0.1177
252,Zenith-Comb-0267,SIRT1+HAND2+TET2,3,-2.99,0.67,47.9,81.6,0.008,0.038,CONFORMAL_PASS,ELECTRICAL_UNCOUPLING_WARNING,False,False,0.1177
253,Zenith-Comb-0270,SIRT1+MEF2C+NKX2-5,3,-2.99,0.67,47.9,81.6,0.008,0.038,CONFORMAL_PASS,ELECTRICAL_UNCOUPLING_WARNING,False,False,0.1177
254,Zenith-Comb-0292,SIRT1+FOXO3+MEF2C+HAND2,4,-2.99,0.67,47.9,81.6,0.008,0.038,CONFORMAL_PASS,ELECTRICAL_UNCOUPLING_WARNING,False,False,0.1177
255,Zenith-Comb-0302,SIRT1+NKX2-5+ESRRG+TET2,4,-2.99,0.67,47.9,81.6,0.008,0.038,CONFORMAL_PASS,ELECTRICAL_UNCOUPLING_WARNING,False,False,0.1177
256,Zenith-Comb-0310,SIRT1+FOXO3+TBX5+TET2,4,-2.99,0.67,47.9,81.6,0.008,0.038,CONFORMAL_PASS,ELECTRICAL_UNCOUPLING_WARNING,False,False,0.1177
257,Zenith-Comb-0322,SIRT1+MEF2C+NKX2-5+ESRRG,4,-2.99,0.67,47.9,81.6,0.008,0.038,CONFORMAL_PASS,ELECTRICAL_UNCOUPLING_WARNING,False,False,0.1177
258,Zenith-Comb-0383,SIRT1+HAND2+ESRRG+TET2,4,-2.99,0.67,47.9,81.6,0.008,0.038,CONFORMAL_PASS,ELECTRICAL_UNCOUPLING_WARNING,False,False,0.1177
259,Zenith-Comb-0404,SIRT1+TBX5+HAND2+TET2,4,-2.99,0.67,47.9,81.6,0.008,0.038,CONFORMAL_PASS,ELECTRICAL_UNCOUPLING_WARNING,False,False,0.1177
260,Zenith-Comb-0423,SIRT1+MEF2C+NKX2-5+HAND2,4,-2.99,0.67,47.9,81.6,0.008,0.038,CONFORMAL_PASS,ELECTRICAL_UNCOUPLING_WARNING,False,False,0.1177
261,Zenith-Comb-0425,SIRT1+FOXO3+NKX2-5+HAND2,4,-2.99,0.67,47.9,81.6,0.008,0.038,CONFORMAL_PASS,ELECTRICAL_UNCOUPLING_WARNING,False,False,0.1177
262,Zenith-Comb-0430,SIRT1+FOXO3+MEF2C+TBX5,4,-2.99,0.67,47.9,81.6,0.008,0.038,CONFORMAL_PASS,ELECTRICAL_UNCOUPLING_WARNING,False,False,0.1177
263,Zenith-Comb-0436,SIRT1+FOXO3+ESRRG+TET2,4,-2.99,0.67,47.9,81.6,0.008,0.038,CONFORMAL_PASS,ELECTRICAL_UNCOUPLING_WARNING,False,False,0.1177
264,Zenith-Comb-0440,SIRT1+MEF2C+HAND2+ESRRG,4,-2.99,0.67,47.9,81.6,0.008,0.038,CONFORMAL_PASS,ELECTRICAL_UNCOUPLING_WARNING,False,False,0.1177
265,Zenith-Comb-0450,SIRT1+FOXO3+MEF2C+ESRRG,4,-2.99,0.67,47.9,81.6,0.008,0.038,CONFORMAL_PASS,ELECTRICAL_UNCOUPLING_WARNING,False,False,0.1177
266,Zenith-Comb-0467,SIRT1+MEF2C+TBX5+ESRRG,4,-2.99,0.67,47.9,81.6,0.008,0.038,CONFORMAL_PASS,ELECTRICAL_UNCOUPLING_WARNING,False,False,0.1177
267,Zenith-Comb-0487,SIRT1+NKX2-5+HAND2+TET2,4,-2.99,0.67,47.9,81.6,0.008,0.038,CONFORMAL_PASS,ELECTRICAL_UNCOUPLING_WARNING,False,False,0.1177
268,Zenith-Comb-0160,SIRT6+FOXO3+PPARGC1A,3,-3.42,0.662,47.9,81.6,0.008,0.038,CONFORMAL_PASS,ELECTRICAL_UNCOUPLING_WARNING,False,False,0.1085
269,Zenith-Comb-0306,SIRT6+FOXO3+PPARGC1A+TBX5,4,-3.42,0.662,47.9,81.6,0.008,0.038,CONFORMAL_PASS,ELECTRICAL_UNCOUPLING_WARNING,False,False,0.1085
270,Zenith-Comb-0395,SIRT6+FOXO3+PPARGC1A+MEF2C,4,-3.42,0.662,47.9,81.6,0.008,0.038,CONFORMAL_PASS,ELECTRICAL_UNCOUPLING_WARNING,False,False,0.1085
271,Zenith-Comb-0420,SIRT6+FOXO3+PPARGC1A+ESRRG,4,-3.42,0.662,47.9,81.6,0.008,0.038,CONFORMAL_PASS,ELECTRICAL_UNCOUPLING_WARNING,False,False,0.1085
272,Zenith-Comb-0047,SIRT6+FOXO3,2,-3.72,0.662,47.9,81.6,0.008,0.038,CONFORMAL_PASS,ELECTRICAL_UNCOUPLING_WARNING,False,False,0.1035
273,Zenith-Comb-0087,SIRT6+FOXO3+TET2,3,-3.72,0.662,47.9,81.6,0.008,0.038,CONFORMAL_PASS,ELECTRICAL_UNCOUPLING_WARNING,False,False,0.1035
274,Zenith-Comb-0117,SIRT6+FOXO3+MEF2C,3,-3.72,0.662,47.9,81.6,0.008,0.038,CONFORMAL_PASS,ELECTRICAL_UNCOUPLING_WARNING,False,False,0.1035
275,Zenith-Comb-0122,SIRT6+FOXO3+TBX5,3,-3.72,0.662,47.9,81.6,0.008,0.038,CONFORMAL_PASS,ELECTRICAL_UNCOUPLING_WARNING,False,False,0.1035
276,Zenith-Comb-0171,SIRT6+FOXO3+HAND2,3,-3.72,0.662,47.9,81.6,0.008,0.038,CONFORMAL_PASS,ELECTRICAL_UNCOUPLING_WARNING,False,False,0.1035
277,Zenith-Comb-0181,SIRT6+FOXO3+ESRRG,3,-3.72,0.662,47.9,81.6,0.008,0.038,CONFORMAL_PASS,ELECTRICAL_UNCOUPLING_WARNING,False,False,0.1035
278,Zenith-Comb-0194,SIRT6+FOXO3+NKX2-5,3,-3.72,0.662,47.9,81.6,0.008,0.038,CONFORMAL_PASS,ELECTRICAL_UNCOUPLING_WARNING,False,False,0.1035
279,Zenith-Comb-0288,SIRT6+FOXO3+TBX5+TET2,4,-3.72,0.662,47.9,81.6,0.008,0.038,CONFORMAL_PASS,ELECTRICAL_UNCOUPLING_WARNING,False,False,0.1035
280,Zenith-Comb-0294,SIRT6+FOXO3+HAND2+ESRRG,4,-3.72,0.662,47.9,81.6,0.008,0.038,CONFORMAL_PASS,ELECTRICAL_UNCOUPLING_WARNING,False,False,0.1035
281,Zenith-Comb-0313,SIRT6+FOXO3+NKX2-5+ESRRG,4,-3.72,0.662,47.9,81.6,0.008,0.038,CONFORMAL_PASS,ELECTRICAL_UNCOUPLING_WARNING,False,False,0.1035
282,Zenith-Comb-0320,SIRT6+FOXO3+TBX5+ESRRG,4,-3.72,0.662,47.9,81.6,0.008,0.038,CONFORMAL_PASS,ELECTRICAL_UNCOUPLING_WARNING,False,False,0.1035
283,Zenith-Comb-0362,SIRT6+FOXO3+MEF2C+NKX2-5,4,-3.72,0.662,47.9,81.6,0.008,0.038,CONFORMAL_PASS,ELECTRICAL_UNCOUPLING_WARNING,False,False,0.1035
284,Zenith-Comb-0367,SIRT6+FOXO3+MEF2C+ESRRG,4,-3.72,0.662,47.9,81.6,0.008,0.038,CONFORMAL_PASS,ELECTRICAL_UNCOUPLING_WARNING,False,False,0.1035
285,Zenith-Comb-0388,SIRT6+FOXO3+HAND2+TET2,4,-3.72,0.662,47.9,81.6,0.008,0.038,CONFORMAL_PASS,ELECTRICAL_UNCOUPLING_WARNING,False,False,0.1035
286,Zenith-Comb-0389,SIRT6+FOXO3+NKX2-5+TET2,4,-3.72,0.662,47.9,81.6,0.008,0.038,CONFORMAL_PASS,ELECTRICAL_UNCOUPLING_WARNING,False,False,0.1035
287,Zenith-Comb-0391,SIRT6+FOXO3+TBX5+HAND2,4,-3.72,0.662,47.9,81.6,0.008,0.038,CONFORMAL_PASS,ELECTRICAL_UNCOUPLING_WARNING,False,False,0.1035
288,Zenith-Comb-0434,SIRT6+FOXO3+MEF2C+HAND2,4,-3.72,0.662,47.9,81.6,0.008,0.038,CONFORMAL_PASS,ELECTRICAL_UNCOUPLING_WARNING,False,False,0.1035
289,Zenith-Comb-0064,SIRT6+PPARGC1A,2,-3.74,0.662,47.9,81.6,0.008,0.038,CONFORMAL_PASS,ELECTRICAL_UNCOUPLING_WARNING,False,False,0.1032
290,Zenith-Comb-0100,SIRT6+PPARGC1A+HAND2,3,-3.74,0.662,47.9,81.6,0.008,0.038,CONFORMAL_PASS,ELECTRICAL_UNCOUPLING_WARNING,False,False,0.1032
291,Zenith-Comb-0101,SIRT6+PPARGC1A+MEF2C,3,-3.74,0.662,47.9,81.6,0.008,0.038,CONFORMAL_PASS,ELECTRICAL_UNCOUPLING_WARNING,False,False,0.1032
292,Zenith-Comb-0152,SIRT6+PPARGC1A+TET2,3,-3.74,0.662,47.9,81.6,0.008,0.038,CONFORMAL_PASS,ELECTRICAL_UNCOUPLING_WARNING,False,False,0.1032
293,Zenith-Comb-0183,SIRT6+PPARGC1A+NKX2-5,3,-3.74,0.662,47.9,81.6,0.008,0.038,CONFORMAL_PASS,ELECTRICAL_UNCOUPLING_WARNING,False,False,0.1032
294,Zenith-Comb-0241,SIRT6+PPARGC1A+TBX5,3,-3.74,0.662,47.9,81.6,0.008,0.038,CONFORMAL_PASS,ELECTRICAL_UNCOUPLING_WARNING,False,False,0.1032
295,Zenith-Comb-0245,SIRT6+PPARGC1A+ESRRG,3,-3.74,0.662,47.9,81.6,0.008,0.038,CONFORMAL_PASS,ELECTRICAL_UNCOUPLING_WARNING,False,False,0.1032
296,Zenith-Comb-0282,SIRT6+PPARGC1A+MEF2C+NKX2-5,4,-3.74,0.662,47.9,81.6,0.008,0.038,CONFORMAL_PASS,ELECTRICAL_UNCOUPLING_WARNING,False,False,0.1032
297,Zenith-Comb-0331,SIRT6+PPARGC1A+MEF2C+HAND2,4,-3.74,0.662,47.9,81.6,0.008,0.038,CONFORMAL_PASS,ELECTRICAL_UNCOUPLING_WARNING,False,False,0.1032
298,Zenith-Comb-0348,SIRT6+PPARGC1A+TBX5+NKX2-5,4,-3.74,0.662,47.9,81.6,0.008,0.038,CONFORMAL_PASS,ELECTRICAL_UNCOUPLING_WARNING,False,False,0.1032
299,Zenith-Comb-0355,SIRT6+PPARGC1A+MEF2C+ESRRG,4,-3.74,0.662,47.9,81.6,0.008,0.038,CONFORMAL_PASS,ELECTRICAL_UNCOUPLING_WARNING,False,False,0.1032
300,Zenith-Comb-0360,SIRT6+PPARGC1A+ESRRG+TET2,4,-3.74,0.662,47.9,81.6,0.008,0.038,CONFORMAL_PASS,ELECTRICAL_UNCOUPLING_WARNING,False,False,0.1032
301,Zenith-Comb-0414,SIRT6+PPARGC1A+HAND2+TET2,4,-3.74,0.662,47.9,81.6,0.008,0.038,CONFORMAL_PASS,ELECTRICAL_UNCOUPLING_WARNING,False,False,0.1032
302,Zenith-Comb-0464,SIRT6+PPARGC1A+MEF2C+TET2,4,-3.74,0.662,47.9,81.6,0.008,0.038,CONFORMAL_PASS,ELECTRICAL_UNCOUPLING_WARNING,False,False,0.1032
303,Zenith-Comb-0488,SIRT6+PPARGC1A+HAND2+ESRRG,4,-3.74,0.662,47.9,81.6,0.008,0.038,CONFORMAL_PASS,ELECTRICAL_UNCOUPLING_WARNING,False,False,0.1032
304,Epigenetic Duo,SIRT6+TET2,2,-4.04,0.662,47.9,81.6,0.008,0.038,CONFORMAL_PASS,ELECTRICAL_UNCOUPLING_WARNING,False,False,0.0982
305,Single Factor: SIRT6,SIRT6,1,-4.04,0.662,47.9,81.6,0.008,0.038,CONFORMAL_PASS,ELECTRICAL_UNCOUPLING_WARNING,False,False,0.0982
306,Zenith-Comb-0009,SIRT6+TBX5,2,-4.04,0.662,47.9,81.6,0.008,0.038,CONFORMAL_PASS,ELECTRICAL_UNCOUPLING_WARNING,False,False,0.0982
307,Zenith-Comb-0014,SIRT6+HAND2,2,-4.04,0.662,47.9,81.6,0.008,0.038,CONFORMAL_PASS,ELECTRICAL_UNCOUPLING_WARNING,False,False,0.0982
308,Zenith-Comb-0020,SIRT6+ESRRG,2,-4.04,0.662,47.9,81.6,0.008,0.038,CONFORMAL_PASS,ELECTRICAL_UNCOUPLING_WARNING,False,False,0.0982
309,Zenith-Comb-0035,SIRT6+NKX2-5,2,-4.04,0.662,47.9,81.6,0.008,0.038,CONFORMAL_PASS,ELECTRICAL_UNCOUPLING_WARNING,False,False,0.0982
310,Zenith-Comb-0061,SIRT6+MEF2C,2,-4.04,0.662,47.9,81.6,0.008,0.038,CONFORMAL_PASS,ELECTRICAL_UNCOUPLING_WARNING,False,False,0.0982
311,Zenith-Comb-0069,SIRT6+MEF2C+TET2,3,-4.04,0.662,47.9,81.6,0.008,0.038,CONFORMAL_PASS,ELECTRICAL_UNCOUPLING_WARNING,False,False,0.0982
312,Zenith-Comb-0073,SIRT6+MEF2C+NKX2-5,3,-4.04,0.662,47.9,81.6,0.008,0.038,CONFORMAL_PASS,ELECTRICAL_UNCOUPLING_WARNING,False,False,0.0982
313,Zenith-Comb-0074,SIRT6+TBX5+HAND2,3,-4.04,0.662,47.9,81.6,0.008,0.038,CONFORMAL_PASS,ELECTRICAL_UNCOUPLING_WARNING,False,False,0.0982
314,Zenith-Comb-0084,SIRT6+NKX2-5+ESRRG,3,-4.04,0.662,47.9,81.6,0.008,0.038,CONFORMAL_PASS,ELECTRICAL_UNCOUPLING_WARNING,False,False,0.0982
315,Zenith-Comb-0096,SIRT6+MEF2C+TBX5,3,-4.04,0.662,47.9,81.6,0.008,0.038,CONFORMAL_PASS,ELECTRICAL_UNCOUPLING_WARNING,False,False,0.0982
316,Zenith-Comb-0111,SIRT6+MEF2C+ESRRG,3,-4.04,0.662,47.9,81.6,0.008,0.038,CONFORMAL_PASS,ELECTRICAL_UNCOUPLING_WARNING,False,False,0.0982
317,Zenith-Comb-0121,SIRT6+NKX2-5+TET2,3,-4.04,0.662,47.9,81.6,0.008,0.038,CONFORMAL_PASS,ELECTRICAL_UNCOUPLING_WARNING,False,False,0.0982
318,Zenith-Comb-0174,SIRT6+ESRRG+TET2,3,-4.04,0.662,47.9,81.6,0.008,0.038,CONFORMAL_PASS,ELECTRICAL_UNCOUPLING_WARNING,False,False,0.0982
319,Zenith-Comb-0196,SIRT6+MEF2C+HAND2,3,-4.04,0.662,47.9,81.6,0.008,0.038,CONFORMAL_PASS,ELECTRICAL_UNCOUPLING_WARNING,False,False,0.0982
320,Zenith-Comb-0206,SIRT6+HAND2+TET2,3,-4.04,0.662,47.9,81.6,0.008,0.038,CONFORMAL_PASS,ELECTRICAL_UNCOUPLING_WARNING,False,False,0.0982
321,Zenith-Comb-0217,SIRT6+TBX5+ESRRG,3,-4.04,0.662,47.9,81.6,0.008,0.038,CONFORMAL_PASS,ELECTRICAL_UNCOUPLING_WARNING,False,False,0.0982
322,Zenith-Comb-0268,SIRT6+TBX5+NKX2-5,3,-4.04,0.662,47.9,81.6,0.008,0.038,CONFORMAL_PASS,ELECTRICAL_UNCOUPLING_WARNING,False,False,0.0982
323,Zenith-Comb-0269,SIRT6+NKX2-5+HAND2,3,-4.04,0.662,47.9,81.6,0.008,0.038,CONFORMAL_PASS,ELECTRICAL_UNCOUPLING_WARNING,False,False,0.0982
324,Zenith-Comb-0271,SIRT6+TBX5+TET2,3,-4.04,0.662,47.9,81.6,0.008,0.038,CONFORMAL_PASS,ELECTRICAL_UNCOUPLING_WARNING,False,False,0.0982
325,Zenith-Comb-0276,SIRT6+HAND2+ESRRG,3,-4.04,0.662,47.9,81.6,0.008,0.038,CONFORMAL_PASS,ELECTRICAL_UNCOUPLING_WARNING,False,False,0.0982
326,Zenith-Comb-0304,SIRT6+MEF2C+HAND2+TET2,4,-4.04,0.662,47.9,81.6,0.008,0.038,CONFORMAL_PASS,ELECTRICAL_UNCOUPLING_WARNING,False,False,0.0982
327,Zenith-Comb-0328,SIRT6+MEF2C+TBX5+NKX2-5,4,-4.04,0.662,47.9,81.6,0.008,0.038,CONFORMAL_PASS,ELECTRICAL_UNCOUPLING_WARNING,False,False,0.0982
328,Zenith-Comb-0370,SIRT6+TBX5+ESRRG+TET2,4,-4.04,0.662,47.9,81.6,0.008,0.038,CONFORMAL_PASS,ELECTRICAL_UNCOUPLING_WARNING,False,False,0.0982
329,Zenith-Comb-0421,SIRT6+NKX2-5+HAND2+ESRRG,4,-4.04,0.662,47.9,81.6,0.008,0.038,CONFORMAL_PASS,ELECTRICAL_UNCOUPLING_WARNING,False,False,0.0982
330,Zenith-Comb-0438,SIRT6+MEF2C+NKX2-5+HAND2,4,-4.04,0.662,47.9,81.6,0.008,0.038,CONFORMAL_PASS,ELECTRICAL_UNCOUPLING_WARNING,False,False,0.0982
331,Zenith-Comb-0257,ZBTB16+FOXO3+PPARGC1A,3,-4.24,0.662,47.9,81.6,0.008,0.038,CONFORMAL_PASS,ELECTRICAL_UNCOUPLING_WARNING,False,False,0.0948
332,Zenith-Comb-0338,ZBTB16+FOXO3+PPARGC1A+MEF2C,4,-4.24,0.662,47.9,81.6,0.008,0.038,CONFORMAL_PASS,ELECTRICAL_UNCOUPLING_WARNING,False,False,0.0948
333,Zenith-Comb-0390,ZBTB16+FOXO3+PPARGC1A+ESRRG,4,-4.24,0.662,47.9,81.6,0.008,0.038,CONFORMAL_PASS,ELECTRICAL_UNCOUPLING_WARNING,False,False,0.0948
334,Zenith-Comb-0403,ZBTB16+FOXO3+PPARGC1A+TBX5,4,-4.24,0.662,47.9,81.6,0.008,0.038,CONFORMAL_PASS,ELECTRICAL_UNCOUPLING_WARNING,False,False,0.0948
335,Zenith-Comb-0013,ZBTB16+FOXO3,2,-4.46,0.662,47.9,81.6,0.008,0.038,CONFORMAL_PASS,ELECTRICAL_UNCOUPLING_WARNING,False,False,0.0912
336,Zenith-Comb-0120,ZBTB16+FOXO3+NKX2-5,3,-4.46,0.662,47.9,81.6,0.008,0.038,CONFORMAL_PASS,ELECTRICAL_UNCOUPLING_WARNING,False,False,0.0912
337,Zenith-Comb-0129,ZBTB16+FOXO3+HAND2,3,-4.46,0.662,47.9,81.6,0.008,0.038,CONFORMAL_PASS,ELECTRICAL_UNCOUPLING_WARNING,False,False,0.0912
338,Zenith-Comb-0155,ZBTB16+FOXO3+TBX5,3,-4.46,0.662,47.9,81.6,0.008,0.038,CONFORMAL_PASS,ELECTRICAL_UNCOUPLING_WARNING,False,False,0.0912
339,Zenith-Comb-0201,ZBTB16+FOXO3+ESRRG,3,-4.46,0.662,47.9,81.6,0.008,0.038,CONFORMAL_PASS,ELECTRICAL_UNCOUPLING_WARNING,False,False,0.0912
340,Zenith-Comb-0223,ZBTB16+FOXO3+MEF2C,3,-4.46,0.662,47.9,81.6,0.008,0.038,CONFORMAL_PASS,ELECTRICAL_UNCOUPLING_WARNING,False,False,0.0912
341,Zenith-Comb-0248,ZBTB16+FOXO3+TET2,3,-4.46,0.662,47.9,81.6,0.008,0.038,CONFORMAL_PASS,ELECTRICAL_UNCOUPLING_WARNING,False,False,0.0912
342,Zenith-Comb-0301,ZBTB16+FOXO3+HAND2+TET2,4,-4.46,0.662,47.9,81.6,0.008,0.038,CONFORMAL_PASS,ELECTRICAL_UNCOUPLING_WARNING,False,False,0.0912
343,Zenith-Comb-0324,ZBTB16+FOXO3+HAND2+ESRRG,4,-4.46,0.662,47.9,81.6,0.008,0.038,CONFORMAL_PASS,ELECTRICAL_UNCOUPLING_WARNING,False,False,0.0912
344,Zenith-Comb-0379,ZBTB16+FOXO3+TBX5+NKX2-5,4,-4.46,0.662,47.9,81.6,0.008,0.038,CONFORMAL_PASS,ELECTRICAL_UNCOUPLING_WARNING,False,False,0.0912
345,Zenith-Comb-0428,ZBTB16+FOXO3+ESRRG+TET2,4,-4.46,0.662,47.9,81.6,0.008,0.038,CONFORMAL_PASS,ELECTRICAL_UNCOUPLING_WARNING,False,False,0.0912
346,Zenith-Comb-0481,ZBTB16+FOXO3+NKX2-5+ESRRG,4,-4.46,0.662,47.9,81.6,0.008,0.038,CONFORMAL_PASS,ELECTRICAL_UNCOUPLING_WARNING,False,False,0.0912
347,Zenith-Comb-0499,ZBTB16+FOXO3+MEF2C+HAND2,4,-4.46,0.662,47.9,81.6,0.008,0.038,CONFORMAL_PASS,ELECTRICAL_UNCOUPLING_WARNING,False,False,0.0912
348,Zenith-Comb-0008,ZBTB16+PPARGC1A,2,-4.47,0.662,47.9,81.6,0.008,0.038,CONFORMAL_PASS,ELECTRICAL_UNCOUPLING_WARNING,False,False,0.091
349,Zenith-Comb-0086,ZBTB16+PPARGC1A+TBX5,3,-4.47,0.662,47.9,81.6,0.008,0.038,CONFORMAL_PASS,ELECTRICAL_UNCOUPLING_WARNING,False,False,0.091
350,Zenith-Comb-0154,ZBTB16+PPARGC1A+TET2,3,-4.47,0.662,47.9,81.6,0.008,0.038,CONFORMAL_PASS,ELECTRICAL_UNCOUPLING_WARNING,False,False,0.091
351,Zenith-Comb-0159,ZBTB16+PPARGC1A+ESRRG,3,-4.47,0.662,47.9,81.6,0.008,0.038,CONFORMAL_PASS,ELECTRICAL_UNCOUPLING_WARNING,False,False,0.091
352,Zenith-Comb-0177,ZBTB16+PPARGC1A+HAND2,3,-4.47,0.662,47.9,81.6,0.008,0.038,CONFORMAL_PASS,ELECTRICAL_UNCOUPLING_WARNING,False,False,0.091
353,Zenith-Comb-0224,ZBTB16+PPARGC1A+MEF2C,3,-4.47,0.662,47.9,81.6,0.008,0.038,CONFORMAL_PASS,ELECTRICAL_UNCOUPLING_WARNING,False,False,0.091
354,Zenith-Comb-0236,ZBTB16+PPARGC1A+NKX2-5,3,-4.47,0.662,47.9,81.6,0.008,0.038,CONFORMAL_PASS,ELECTRICAL_UNCOUPLING_WARNING,False,False,0.091
355,Zenith-Comb-0284,ZBTB16+PPARGC1A+MEF2C+TET2,4,-4.47,0.662,47.9,81.6,0.008,0.038,CONFORMAL_PASS,ELECTRICAL_UNCOUPLING_WARNING,False,False,0.091
356,Zenith-Comb-0308,ZBTB16+PPARGC1A+HAND2+ESRRG,4,-4.47,0.662,47.9,81.6,0.008,0.038,CONFORMAL_PASS,ELECTRICAL_UNCOUPLING_WARNING,False,False,0.091
357,Zenith-Comb-0315,ZBTB16+PPARGC1A+MEF2C+TBX5,4,-4.47,0.662,47.9,81.6,0.008,0.038,CONFORMAL_PASS,ELECTRICAL_UNCOUPLING_WARNING,False,False,0.091
358,Zenith-Comb-0327,ZBTB16+PPARGC1A+MEF2C+NKX2-5,4,-4.47,0.662,47.9,81.6,0.008,0.038,CONFORMAL_PASS,ELECTRICAL_UNCOUPLING_WARNING,False,False,0.091
359,Zenith-Comb-0339,ZBTB16+PPARGC1A+NKX2-5+ESRRG,4,-4.47,0.662,47.9,81.6,0.008,0.038,CONFORMAL_PASS,ELECTRICAL_UNCOUPLING_WARNING,False,False,0.091
360,Zenith-Comb-0345,ZBTB16+PPARGC1A+ESRRG+TET2,4,-4.47,0.662,47.9,81.6,0.008,0.038,CONFORMAL_PASS,ELECTRICAL_UNCOUPLING_WARNING,False,False,0.091
361,Zenith-Comb-0361,ZBTB16+PPARGC1A+TBX5+ESRRG,4,-4.47,0.662,47.9,81.6,0.008,0.038,CONFORMAL_PASS,ELECTRICAL_UNCOUPLING_WARNING,False,False,0.091
362,Zenith-Comb-0435,ZBTB16+PPARGC1A+HAND2+TET2,4,-4.47,0.662,47.9,81.6,0.008,0.038,CONFORMAL_PASS,ELECTRICAL_UNCOUPLING_WARNING,False,False,0.091
363,Zenith-Comb-0457,ZBTB16+PPARGC1A+MEF2C+HAND2,4,-4.47,0.662,47.9,81.6,0.008,0.038,CONFORMAL_PASS,ELECTRICAL_UNCOUPLING_WARNING,False,False,0.091
364,Single Factor: ZBTB16,ZBTB16,1,-4.68,0.662,47.9,81.6,0.008,0.038,CONFORMAL_PASS,ELECTRICAL_UNCOUPLING_WARNING,False,False,0.0875
365,Zenith-Comb-0012,ZBTB16+TBX5,2,-4.68,0.662,47.9,81.6,0.008,0.038,CONFORMAL_PASS,ELECTRICAL_UNCOUPLING_WARNING,False,False,0.0875
366,Zenith-Comb-0031,ZBTB16+ESRRG,2,-4.68,0.662,47.9,81.6,0.008,0.038,CONFORMAL_PASS,ELECTRICAL_UNCOUPLING_WARNING,False,False,0.0875
367,Zenith-Comb-0045,ZBTB16+MEF2C,2,-4.68,0.662,47.9,81.6,0.008,0.038,CONFORMAL_PASS,ELECTRICAL_UNCOUPLING_WARNING,False,False,0.0875
368,Zenith-Comb-0052,ZBTB16+TET2,2,-4.68,0.662,47.9,81.6,0.008,0.038,CONFORMAL_PASS,ELECTRICAL_UNCOUPLING_WARNING,False,False,0.0875
369,Zenith-Comb-0054,ZBTB16+NKX2-5,2,-4.68,0.662,47.9,81.6,0.008,0.038,CONFORMAL_PASS,ELECTRICAL_UNCOUPLING_WARNING,False,False,0.0875
370,Zenith-Comb-0062,ZBTB16+HAND2,2,-4.68,0.662,47.9,81.6,0.008,0.038,CONFORMAL_PASS,ELECTRICAL_UNCOUPLING_WARNING,False,False,0.0875
371,Zenith-Comb-0071,ZBTB16+TBX5+TET2,3,-4.68,0.662,47.9,81.6,0.008,0.038,CONFORMAL_PASS,ELECTRICAL_UNCOUPLING_WARNING,False,False,0.0875
372,Zenith-Comb-0092,ZBTB16+TBX5+NKX2-5,3,-4.68,0.662,47.9,81.6,0.008,0.038,CONFORMAL_PASS,ELECTRICAL_UNCOUPLING_WARNING,False,False,0.0875
373,Zenith-Comb-0103,ZBTB16+MEF2C+TET2,3,-4.68,0.662,47.9,81.6,0.008,0.038,CONFORMAL_PASS,ELECTRICAL_UNCOUPLING_WARNING,False,False,0.0875
374,Zenith-Comb-0138,ZBTB16+NKX2-5+HAND2,3,-4.68,0.662,47.9,81.6,0.008,0.038,CONFORMAL_PASS,ELECTRICAL_UNCOUPLING_WARNING,False,False,0.0875
375,Zenith-Comb-0153,ZBTB16+NKX2-5+ESRRG,3,-4.68,0.662,47.9,81.6,0.008,0.038,CONFORMAL_PASS,ELECTRICAL_UNCOUPLING_WARNING,False,False,0.0875
376,Zenith-Comb-0157,ZBTB16+HAND2+ESRRG,3,-4.68,0.662,47.9,81.6,0.008,0.038,CONFORMAL_PASS,ELECTRICAL_UNCOUPLING_WARNING,False,False,0.0875
377,Zenith-Comb-0161,ZBTB16+NKX2-5+TET2,3,-4.68,0.662,47.9,81.6,0.008,0.038,CONFORMAL_PASS,ELECTRICAL_UNCOUPLING_WARNING,False,False,0.0875
378,Zenith-Comb-0164,ZBTB16+MEF2C+HAND2,3,-4.68,0.662,47.9,81.6,0.008,0.038,CONFORMAL_PASS,ELECTRICAL_UNCOUPLING_WARNING,False,False,0.0875
379,Zenith-Comb-0173,ZBTB16+TBX5+ESRRG,3,-4.68,0.662,47.9,81.6,0.008,0.038,CONFORMAL_PASS,ELECTRICAL_UNCOUPLING_WARNING,False,False,0.0875
380,Zenith-Comb-0192,ZBTB16+MEF2C+NKX2-5,3,-4.68,0.662,47.9,81.6,0.008,0.038,CONFORMAL_PASS,ELECTRICAL_UNCOUPLING_WARNING,False,False,0.0875
381,Zenith-Comb-0195,ZBTB16+MEF2C+ESRRG,3,-4.68,0.662,47.9,81.6,0.008,0.038,CONFORMAL_PASS,ELECTRICAL_UNCOUPLING_WARNING,False,False,0.0875
382,Zenith-Comb-0221,ZBTB16+MEF2C+TBX5,3,-4.68,0.662,47.9,81.6,0.008,0.038,CONFORMAL_PASS,ELECTRICAL_UNCOUPLING_WARNING,False,False,0.0875
383,Zenith-Comb-0250,ZBTB16+ESRRG+TET2,3,-4.68,0.662,47.9,81.6,0.008,0.038,CONFORMAL_PASS,ELECTRICAL_UNCOUPLING_WARNING,False,False,0.0875
384,Zenith-Comb-0260,ZBTB16+TBX5+HAND2,3,-4.68,0.662,47.9,81.6,0.008,0.038,CONFORMAL_PASS,ELECTRICAL_UNCOUPLING_WARNING,False,False,0.0875
385,Zenith-Comb-0273,ZBTB16+HAND2+TET2,3,-4.68,0.662,47.9,81.6,0.008,0.038,CONFORMAL_PASS,ELECTRICAL_UNCOUPLING_WARNING,False,False,0.0875
386,Zenith-Comb-0333,ZBTB16+NKX2-5+HAND2+ESRRG,4,-4.68,0.662,47.9,81.6,0.008,0.038,CONFORMAL_PASS,ELECTRICAL_UNCOUPLING_WARNING,False,False,0.0875
387,Zenith-Comb-0336,ZBTB16+HAND2+ESRRG+TET2,4,-4.68,0.662,47.9,81.6,0.008,0.038,CONFORMAL_PASS,ELECTRICAL_UNCOUPLING_WARNING,False,False,0.0875
388,Zenith-Comb-0357,ZBTB16+MEF2C+TBX5+TET2,4,-4.68,0.662,47.9,81.6,0.008,0.038,CONFORMAL_PASS,ELECTRICAL_UNCOUPLING_WARNING,False,False,0.0875
389,Zenith-Comb-0359,ZBTB16+TBX5+HAND2+TET2,4,-4.68,0.662,47.9,81.6,0.008,0.038,CONFORMAL_PASS,ELECTRICAL_UNCOUPLING_WARNING,False,False,0.0875
390,Zenith-Comb-0363,ZBTB16+MEF2C+TBX5+HAND2,4,-4.68,0.662,47.9,81.6,0.008,0.038,CONFORMAL_PASS,ELECTRICAL_UNCOUPLING_WARNING,False,False,0.0875
391,Zenith-Comb-0375,ZBTB16+MEF2C+NKX2-5+HAND2,4,-4.68,0.662,47.9,81.6,0.008,0.038,CONFORMAL_PASS,ELECTRICAL_UNCOUPLING_WARNING,False,False,0.0875
392,Zenith-Comb-0412,ZBTB16+MEF2C+TBX5+ESRRG,4,-4.68,0.662,47.9,81.6,0.008,0.038,CONFORMAL_PASS,ELECTRICAL_UNCOUPLING_WARNING,False,False,0.0875
393,Zenith-Comb-0413,ZBTB16+TBX5+NKX2-5+TET2,4,-4.68,0.662,47.9,81.6,0.008,0.038,CONFORMAL_PASS,ELECTRICAL_UNCOUPLING_WARNING,False,False,0.0875
394,Zenith-Comb-0415,ZBTB16+TBX5+NKX2-5+ESRRG,4,-4.68,0.662,47.9,81.6,0.008,0.038,CONFORMAL_PASS,ELECTRICAL_UNCOUPLING_WARNING,False,False,0.0875
395,Zenith-Comb-0468,ZBTB16+MEF2C+HAND2+TET2,4,-4.68,0.662,47.9,81.6,0.008,0.038,CONFORMAL_PASS,ELECTRICAL_UNCOUPLING_WARNING,False,False,0.0875
396,Zenith-Comb-0477,ZBTB16+MEF2C+TBX5+NKX2-5,4,-4.68,0.662,47.9,81.6,0.008,0.038,CONFORMAL_PASS,ELECTRICAL_UNCOUPLING_WARNING,False,False,0.0875
397,Zenith-Comb-0001,NKX2-5+TET2,2,-6.26,0.662,47.9,81.6,0.008,0.038,CONFORMAL_PASS,ELECTRICAL_UNCOUPLING_WARNING,False,False,0.0612
398,Zenith-Comb-0007,TBX5+HAND2,2,-6.26,0.662,47.9,81.6,0.008,0.038,CONFORMAL_PASS,ELECTRICAL_UNCOUPLING_WARNING,False,False,0.0612
399,Zenith-Comb-0015,MEF2C+HAND2,2,-6.26,0.662,47.9,81.6,0.008,0.038,CONFORMAL_PASS,ELECTRICAL_UNCOUPLING_WARNING,False,False,0.0612
400,Zenith-Comb-0019,NKX2-5+HAND2,2,-6.26,0.662,47.9,81.6,0.008,0.038,CONFORMAL_PASS,ELECTRICAL_UNCOUPLING_WARNING,False,False,0.0612
401,Zenith-Comb-0025,MEF2C+TBX5,2,-6.26,0.662,47.9,81.6,0.008,0.038,CONFORMAL_PASS,ELECTRICAL_UNCOUPLING_WARNING,False,False,0.0612
402,Zenith-Comb-0026,HAND2+TET2,2,-6.26,0.662,47.9,81.6,0.008,0.038,CONFORMAL_PASS,ELECTRICAL_UNCOUPLING_WARNING,False,False,0.0612
403,Zenith-Comb-0029,TBX5+ESRRG,2,-6.26,0.662,47.9,81.6,0.008,0.038,CONFORMAL_PASS,ELECTRICAL_UNCOUPLING_WARNING,False,False,0.0612
404,Zenith-Comb-0033,MEF2C+NKX2-5,2,-6.26,0.662,47.9,81.6,0.008,0.038,CONFORMAL_PASS,ELECTRICAL_UNCOUPLING_WARNING,False,False,0.0612
405,Zenith-Comb-0037,TBX5+NKX2-5,2,-6.26,0.662,47.9,81.6,0.008,0.038,CONFORMAL_PASS,ELECTRICAL_UNCOUPLING_WARNING,False,False,0.0612
406,Zenith-Comb-0039,MEF2C+TET2,2,-6.26,0.662,47.9,81.6,0.008,0.038,CONFORMAL_PASS,ELECTRICAL_UNCOUPLING_WARNING,False,False,0.0612
407,Zenith-Comb-0042,HAND2+ESRRG,2,-6.26,0.662,47.9,81.6,0.008,0.038,CONFORMAL_PASS,ELECTRICAL_UNCOUPLING_WARNING,False,False,0.0612
408,Zenith-Comb-0046,NKX2-5+ESRRG,2,-6.26,0.662,47.9,81.6,0.008,0.038,CONFORMAL_PASS,ELECTRICAL_UNCOUPLING_WARNING,False,False,0.0612
409,Zenith-Comb-0048,MEF2C+ESRRG,2,-6.26,0.662,47.9,81.6,0.008,0.038,CONFORMAL_PASS,ELECTRICAL_UNCOUPLING_WARNING,False,False,0.0612
410,Zenith-Comb-0055,TBX5+TET2,2,-6.26,0.662,47.9,81.6,0.008,0.038,CONFORMAL_PASS,ELECTRICAL_UNCOUPLING_WARNING,False,False,0.0612
411,Zenith-Comb-0060,ESRRG+TET2,2,-6.26,0.662,47.9,81.6,0.008,0.038,CONFORMAL_PASS,ELECTRICAL_UNCOUPLING_WARNING,False,False,0.0612
412,Zenith-Comb-0077,MEF2C+TBX5+TET2,3,-6.26,0.662,47.9,81.6,0.008,0.038,CONFORMAL_PASS,ELECTRICAL_UNCOUPLING_WARNING,False,False,0.0612
413,Zenith-Comb-0085,MEF2C+ESRRG+TET2,3,-6.26,0.662,47.9,81.6,0.008,0.038,CONFORMAL_PASS,ELECTRICAL_UNCOUPLING_WARNING,False,False,0.0612
414,Zenith-Comb-0097,MEF2C+TBX5+HAND2,3,-6.26,0.662,47.9,81.6,0.008,0.038,CONFORMAL_PASS,ELECTRICAL_UNCOUPLING_WARNING,False,False,0.0612
415,Zenith-Comb-0108,TBX5+NKX2-5+HAND2,3,-6.26,0.662,47.9,81.6,0.008,0.038,CONFORMAL_PASS,ELECTRICAL_UNCOUPLING_WARNING,False,False,0.0612
416,Zenith-Comb-0127,MEF2C+TBX5+ESRRG,3,-6.26,0.662,47.9,81.6,0.008,0.038,CONFORMAL_PASS,ELECTRICAL_UNCOUPLING_WARNING,False,False,0.0612
417,Zenith-Comb-0128,NKX2-5+HAND2+TET2,3,-6.26,0.662,47.9,81.6,0.008,0.038,CONFORMAL_PASS,ELECTRICAL_UNCOUPLING_WARNING,False,False,0.0612
418,Zenith-Comb-0131,MEF2C+TBX5+NKX2-5,3,-6.26,0.662,47.9,81.6,0.008,0.038,CONFORMAL_PASS,ELECTRICAL_UNCOUPLING_WARNING,False,False,0.0612
419,Zenith-Comb-0132,TBX5+NKX2-5+ESRRG,3,-6.26,0.662,47.9,81.6,0.008,0.038,CONFORMAL_PASS,ELECTRICAL_UNCOUPLING_WARNING,False,False,0.0612
420,Zenith-Comb-0139,MEF2C+HAND2+TET2,3,-6.26,0.662,47.9,81.6,0.008,0.038,CONFORMAL_PASS,ELECTRICAL_UNCOUPLING_WARNING,False,False,0.0612
421,Zenith-Comb-0144,MEF2C+NKX2-5+ESRRG,3,-6.26,0.662,47.9,81.6,0.008,0.038,CONFORMAL_PASS,ELECTRICAL_UNCOUPLING_WARNING,False,False,0.0612
422,Zenith-Comb-0158,TBX5+HAND2+TET2,3,-6.26,0.662,47.9,81.6,0.008,0.038,CONFORMAL_PASS,ELECTRICAL_UNCOUPLING_WARNING,False,False,0.0612
423,Zenith-Comb-0180,HAND2+ESRRG+TET2,3,-6.26,0.662,47.9,81.6,0.008,0.038,CONFORMAL_PASS,ELECTRICAL_UNCOUPLING_WARNING,False,False,0.0612
424,Zenith-Comb-0191,NKX2-5+HAND2+ESRRG,3,-6.26,0.662,47.9,81.6,0.008,0.038,CONFORMAL_PASS,ELECTRICAL_UNCOUPLING_WARNING,False,False,0.0612
425,Zenith-Comb-0198,MEF2C+NKX2-5+HAND2,3,-6.26,0.662,47.9,81.6,0.008,0.038,CONFORMAL_PASS,ELECTRICAL_UNCOUPLING_WARNING,False,False,0.0612
426,Zenith-Comb-0234,MEF2C+NKX2-5+TET2,3,-6.26,0.662,47.9,81.6,0.008,0.038,CONFORMAL_PASS,ELECTRICAL_UNCOUPLING_WARNING,False,False,0.0612
427,Zenith-Comb-0239,MEF2C+HAND2+ESRRG,3,-6.26,0.662,47.9,81.6,0.008,0.038,CONFORMAL_PASS,ELECTRICAL_UNCOUPLING_WARNING,False,False,0.0612
428,Zenith-Comb-0252,NKX2-5+ESRRG+TET2,3,-6.26,0.662,47.9,81.6,0.008,0.038,CONFORMAL_PASS,ELECTRICAL_UNCOUPLING_WARNING,False,False,0.0612
429,Zenith-Comb-0254,TBX5+NKX2-5+TET2,3,-6.26,0.662,47.9,81.6,0.008,0.038,CONFORMAL_PASS,ELECTRICAL_UNCOUPLING_WARNING,False,False,0.0612
430,Zenith-Comb-0259,TBX5+ESRRG+TET2,3,-6.26,0.662,47.9,81.6,0.008,0.038,CONFORMAL_PASS,ELECTRICAL_UNCOUPLING_WARNING,False,False,0.0612
431,Zenith-Comb-0272,TBX5+HAND2+ESRRG,3,-6.26,0.662,47.9,81.6,0.008,0.038,CONFORMAL_PASS,ELECTRICAL_UNCOUPLING_WARNING,False,False,0.0612
432,Zenith-Comb-0329,TBX5+NKX2-5+HAND2+ESRRG,4,-6.26,0.662,47.9,81.6,0.008,0.038,CONFORMAL_PASS,ELECTRICAL_UNCOUPLING_WARNING,False,False,0.0612
433,Zenith-Comb-0380,TBX5+HAND2+ESRRG+TET2,4,-6.26,0.662,47.9,81.6,0.008,0.038,CONFORMAL_PASS,ELECTRICAL_UNCOUPLING_WARNING,False,False,0.0612
434,Zenith-Comb-0386,MEF2C+TBX5+NKX2-5+HAND2,4,-6.26,0.662,47.9,81.6,0.008,0.038,CONFORMAL_PASS,ELECTRICAL_UNCOUPLING_WARNING,False,False,0.0612
435,Zenith-Comb-0398,TBX5+NKX2-5+HAND2+TET2,4,-6.26,0.662,47.9,81.6,0.008,0.038,CONFORMAL_PASS,ELECTRICAL_UNCOUPLING_WARNING,False,False,0.0612
436,Zenith-Comb-0402,MEF2C+TBX5+NKX2-5+ESRRG,4,-6.26,0.662,47.9,81.6,0.008,0.038,CONFORMAL_PASS,ELECTRICAL_UNCOUPLING_WARNING,False,False,0.0612
437,Zenith-Comb-0405,MEF2C+HAND2+ESRRG+TET2,4,-6.26,0.662,47.9,81.6,0.008,0.038,CONFORMAL_PASS,ELECTRICAL_UNCOUPLING_WARNING,False,False,0.0612
438,Zenith-Comb-0437,MEF2C+NKX2-5+ESRRG+TET2,4,-6.26,0.662,47.9,81.6,0.008,0.038,CONFORMAL_PASS,ELECTRICAL_UNCOUPLING_WARNING,False,False,0.0612
439,Zenith-Comb-0445,TBX5+NKX2-5+ESRRG+TET2,4,-6.26,0.662,47.9,81.6,0.008,0.038,CONFORMAL_PASS,ELECTRICAL_UNCOUPLING_WARNING,False,False,0.0612
440,Zenith-Comb-0449,MEF2C+TBX5+HAND2+TET2,4,-6.26,0.662,47.9,81.6,0.008,0.038,CONFORMAL_PASS,ELECTRICAL_UNCOUPLING_WARNING,False,False,0.0612
441,Zenith-Comb-0459,MEF2C+NKX2-5+HAND2+ESRRG,4,-6.26,0.662,47.9,81.6,0.008,0.038,CONFORMAL_PASS,ELECTRICAL_UNCOUPLING_WARNING,False,False,0.0612
442,Zenith-Comb-0002,PPARGC1A+HAND2,2,-6.31,0.662,47.9,81.6,0.008,0.038,CONFORMAL_PASS,ELECTRICAL_UNCOUPLING_WARNING,False,False,0.0603
443,Zenith-Comb-0006,PPARGC1A+TBX5,2,-6.31,0.662,47.9,81.6,0.008,0.038,CONFORMAL_PASS,ELECTRICAL_UNCOUPLING_WARNING,False,False,0.0603
444,Zenith-Comb-0010,PPARGC1A+ESRRG,2,-6.31,0.662,47.9,81.6,0.008,0.038,CONFORMAL_PASS,ELECTRICAL_UNCOUPLING_WARNING,False,False,0.0603
445,Zenith-Comb-0017,PPARGC1A+MEF2C,2,-6.31,0.662,47.9,81.6,0.008,0.038,CONFORMAL_PASS,ELECTRICAL_UNCOUPLING_WARNING,False,False,0.0603
446,Zenith-Comb-0043,PPARGC1A+TET2,2,-6.31,0.662,47.9,81.6,0.008,0.038,CONFORMAL_PASS,ELECTRICAL_UNCOUPLING_WARNING,False,False,0.0603
447,Zenith-Comb-0058,PPARGC1A+NKX2-5,2,-6.31,0.662,47.9,81.6,0.008,0.038,CONFORMAL_PASS,ELECTRICAL_UNCOUPLING_WARNING,False,False,0.0603
448,Zenith-Comb-0067,PPARGC1A+NKX2-5+ESRRG,3,-6.31,0.662,47.9,81.6,0.008,0.038,CONFORMAL_PASS,ELECTRICAL_UNCOUPLING_WARNING,False,False,0.0603
449,Zenith-Comb-0088,PPARGC1A+MEF2C+ESRRG,3,-6.31,0.662,47.9,81.6,0.008,0.038,CONFORMAL_PASS,ELECTRICAL_UNCOUPLING_WARNING,False,False,0.0603
450,Zenith-Comb-0089,PPARGC1A+MEF2C+TBX5,3,-6.31,0.662,47.9,81.6,0.008,0.038,CONFORMAL_PASS,ELECTRICAL_UNCOUPLING_WARNING,False,False,0.0603
451,Zenith-Comb-0106,PPARGC1A+MEF2C+HAND2,3,-6.31,0.662,47.9,81.6,0.008,0.038,CONFORMAL_PASS,ELECTRICAL_UNCOUPLING_WARNING,False,False,0.0603
452,Zenith-Comb-0133,PPARGC1A+ESRRG+TET2,3,-6.31,0.662,47.9,81.6,0.008,0.038,CONFORMAL_PASS,ELECTRICAL_UNCOUPLING_WARNING,False,False,0.0603
453,Zenith-Comb-0145,PPARGC1A+TBX5+HAND2,3,-6.31,0.662,47.9,81.6,0.008,0.038,CONFORMAL_PASS,ELECTRICAL_UNCOUPLING_WARNING,False,False,0.0603
454,Zenith-Comb-0167,PPARGC1A+HAND2+TET2,3,-6.31,0.662,47.9,81.6,0.008,0.038,CONFORMAL_PASS,ELECTRICAL_UNCOUPLING_WARNING,False,False,0.0603
455,Zenith-Comb-0168,PPARGC1A+TBX5+NKX2-5,3,-6.31,0.662,47.9,81.6,0.008,0.038,CONFORMAL_PASS,ELECTRICAL_UNCOUPLING_WARNING,False,False,0.0603
456,Zenith-Comb-0169,PPARGC1A+HAND2+ESRRG,3,-6.31,0.662,47.9,81.6,0.008,0.038,CONFORMAL_PASS,ELECTRICAL_UNCOUPLING_WARNING,False,False,0.0603
457,Zenith-Comb-0170,PPARGC1A+NKX2-5+TET2,3,-6.31,0.662,47.9,81.6,0.008,0.038,CONFORMAL_PASS,ELECTRICAL_UNCOUPLING_WARNING,False,False,0.0603
458,Zenith-Comb-0175,PPARGC1A+TBX5+TET2,3,-6.31,0.662,47.9,81.6,0.008,0.038,CONFORMAL_PASS,ELECTRICAL_UNCOUPLING_WARNING,False,False,0.0603
459,Zenith-Comb-0205,PPARGC1A+NKX2-5+HAND2,3,-6.31,0.662,47.9,81.6,0.008,0.038,CONFORMAL_PASS,ELECTRICAL_UNCOUPLING_WARNING,False,False,0.0603
460,Zenith-Comb-0216,PPARGC1A+MEF2C+TET2,3,-6.31,0.662,47.9,81.6,0.008,0.038,CONFORMAL_PASS,ELECTRICAL_UNCOUPLING_WARNING,False,False,0.0603
461,Zenith-Comb-0219,PPARGC1A+TBX5+ESRRG,3,-6.31,0.662,47.9,81.6,0.008,0.038,CONFORMAL_PASS,ELECTRICAL_UNCOUPLING_WARNING,False,False,0.0603
462,Zenith-Comb-0256,PPARGC1A+MEF2C+NKX2-5,3,-6.31,0.662,47.9,81.6,0.008,0.038,CONFORMAL_PASS,ELECTRICAL_UNCOUPLING_WARNING,False,False,0.0603
463,Zenith-Comb-0295,PPARGC1A+TBX5+NKX2-5+TET2,4,-6.31,0.662,47.9,81.6,0.008,0.038,CONFORMAL_PASS,ELECTRICAL_UNCOUPLING_WARNING,False,False,0.0603
464,Zenith-Comb-0296,PPARGC1A+MEF2C+NKX2-5+ESRRG,4,-6.31,0.662,47.9,81.6,0.008,0.038,CONFORMAL_PASS,ELECTRICAL_UNCOUPLING_WARNING,False,False,0.0603
465,Zenith-Comb-0325,PPARGC1A+MEF2C+HAND2+TET2,4,-6.31,0.662,47.9,81.6,0.008,0.038,CONFORMAL_PASS,ELECTRICAL_UNCOUPLING_WARNING,False,False,0.0603
466,Zenith-Comb-0341,PPARGC1A+MEF2C+ESRRG+TET2,4,-6.31,0.662,47.9,81.6,0.008,0.038,CONFORMAL_PASS,ELECTRICAL_UNCOUPLING_WARNING,False,False,0.0603
467,Zenith-Comb-0365,PPARGC1A+NKX2-5+HAND2+TET2,4,-6.31,0.662,47.9,81.6,0.008,0.038,CONFORMAL_PASS,ELECTRICAL_UNCOUPLING_WARNING,False,False,0.0603
468,Zenith-Comb-0426,PPARGC1A+TBX5+ESRRG+TET2,4,-6.31,0.662,47.9,81.6,0.008,0.038,CONFORMAL_PASS,ELECTRICAL_UNCOUPLING_WARNING,False,False,0.0603
469,Zenith-Comb-0446,PPARGC1A+MEF2C+TBX5+TET2,4,-6.31,0.662,47.9,81.6,0.008,0.038,CONFORMAL_PASS,ELECTRICAL_UNCOUPLING_WARNING,False,False,0.0603
470,Zenith-Comb-0018,FOXO3+TET2,2,-6.32,0.662,47.9,81.6,0.008,0.038,CONFORMAL_PASS,ELECTRICAL_UNCOUPLING_WARNING,False,False,0.0602
471,Zenith-Comb-0023,FOXO3+MEF2C,2,-6.32,0.662,47.9,81.6,0.008,0.038,CONFORMAL_PASS,ELECTRICAL_UNCOUPLING_WARNING,False,False,0.0602
472,Zenith-Comb-0024,FOXO3+HAND2,2,-6.32,0.662,47.9,81.6,0.008,0.038,CONFORMAL_PASS,ELECTRICAL_UNCOUPLING_WARNING,False,False,0.0602
473,Zenith-Comb-0027,FOXO3+TBX5,2,-6.32,0.662,47.9,81.6,0.008,0.038,CONFORMAL_PASS,ELECTRICAL_UNCOUPLING_WARNING,False,False,0.0602
474,Zenith-Comb-0040,FOXO3+NKX2-5,2,-6.32,0.662,47.9,81.6,0.008,0.038,CONFORMAL_PASS,ELECTRICAL_UNCOUPLING_WARNING,False,False,0.0602
475,Zenith-Comb-0056,FOXO3+ESRRG,2,-6.32,0.662,47.9,81.6,0.008,0.038,CONFORMAL_PASS,ELECTRICAL_UNCOUPLING_WARNING,False,False,0.0602
476,Zenith-Comb-0109,FOXO3+MEF2C+TBX5,3,-6.32,0.662,47.9,81.6,0.008,0.038,CONFORMAL_PASS,ELECTRICAL_UNCOUPLING_WARNING,False,False,0.0602
477,Zenith-Comb-0125,FOXO3+MEF2C+ESRRG,3,-6.32,0.662,47.9,81.6,0.008,0.038,CONFORMAL_PASS,ELECTRICAL_UNCOUPLING_WARNING,False,False,0.0602
478,Zenith-Comb-0142,FOXO3+TBX5+TET2,3,-6.32,0.662,47.9,81.6,0.008,0.038,CONFORMAL_PASS,ELECTRICAL_UNCOUPLING_WARNING,False,False,0.0602
479,Zenith-Comb-0156,FOXO3+ESRRG+TET2,3,-6.32,0.662,47.9,81.6,0.008,0.038,CONFORMAL_PASS,ELECTRICAL_UNCOUPLING_WARNING,False,False,0.0602
480,Zenith-Comb-0185,FOXO3+TBX5+ESRRG,3,-6.32,0.662,47.9,81.6,0.008,0.038,CONFORMAL_PASS,ELECTRICAL_UNCOUPLING_WARNING,False,False,0.0602
481,Zenith-Comb-0190,FOXO3+MEF2C+HAND2,3,-6.32,0.662,47.9,81.6,0.008,0.038,CONFORMAL_PASS,ELECTRICAL_UNCOUPLING_WARNING,False,False,0.0602
482,Zenith-Comb-0197,FOXO3+NKX2-5+TET2,3,-6.32,0.662,47.9,81.6,0.008,0.038,CONFORMAL_PASS,ELECTRICAL_UNCOUPLING_WARNING,False,False,0.0602
483,Zenith-Comb-0207,FOXO3+NKX2-5+ESRRG,3,-6.32,0.662,47.9,81.6,0.008,0.038,CONFORMAL_PASS,ELECTRICAL_UNCOUPLING_WARNING,False,False,0.0602
484,Zenith-Comb-0218,FOXO3+HAND2+ESRRG,3,-6.32,0.662,47.9,81.6,0.008,0.038,CONFORMAL_PASS,ELECTRICAL_UNCOUPLING_WARNING,False,False,0.0602
485,Zenith-Comb-0235,FOXO3+HAND2+TET2,3,-6.32,0.662,47.9,81.6,0.008,0.038,CONFORMAL_PASS,ELECTRICAL_UNCOUPLING_WARNING,False,False,0.0602
486,Zenith-Comb-0246,FOXO3+TBX5+NKX2-5,3,-6.32,0.662,47.9,81.6,0.008,0.038,CONFORMAL_PASS,ELECTRICAL_UNCOUPLING_WARNING,False,False,0.0602
487,Zenith-Comb-0249,FOXO3+TBX5+HAND2,3,-6.32,0.662,47.9,81.6,0.008,0.038,CONFORMAL_PASS,ELECTRICAL_UNCOUPLING_WARNING,False,False,0.0602
488,Zenith-Comb-0263,FOXO3+MEF2C+TET2,3,-6.32,0.662,47.9,81.6,0.008,0.038,CONFORMAL_PASS,ELECTRICAL_UNCOUPLING_WARNING,False,False,0.0602
489,Zenith-Comb-0264,FOXO3+NKX2-5+HAND2,3,-6.32,0.662,47.9,81.6,0.008,0.038,CONFORMAL_PASS,ELECTRICAL_UNCOUPLING_WARNING,False,False,0.0602
490,Zenith-Comb-0266,FOXO3+MEF2C+NKX2-5,3,-6.32,0.662,47.9,81.6,0.008,0.038,CONFORMAL_PASS,ELECTRICAL_UNCOUPLING_WARNING,False,False,0.0602
491,Zenith-Comb-0298,FOXO3+HAND2+ESRRG+TET2,4,-6.32,0.662,47.9,81.6,0.008,0.038,CONFORMAL_PASS,ELECTRICAL_UNCOUPLING_WARNING,False,False,0.0602
492,Zenith-Comb-0300,FOXO3+TBX5+NKX2-5+TET2,4,-6.32,0.662,47.9,81.6,0.008,0.038,CONFORMAL_PASS,ELECTRICAL_UNCOUPLING_WARNING,False,False,0.0602
493,Zenith-Comb-0321,FOXO3+MEF2C+NKX2-5+HAND2,4,-6.32,0.662,47.9,81.6,0.008,0.038,CONFORMAL_PASS,ELECTRICAL_UNCOUPLING_WARNING,False,False,0.0602
494,Zenith-Comb-0378,FOXO3+MEF2C+HAND2+TET2,4,-6.32,0.662,47.9,81.6,0.008,0.038,CONFORMAL_PASS,ELECTRICAL_UNCOUPLING_WARNING,False,False,0.0602
495,Zenith-Comb-0396,FOXO3+NKX2-5+HAND2+ESRRG,4,-6.32,0.662,47.9,81.6,0.008,0.038,CONFORMAL_PASS,ELECTRICAL_UNCOUPLING_WARNING,False,False,0.0602
496,Zenith-Comb-0407,FOXO3+NKX2-5+HAND2+TET2,4,-6.32,0.662,47.9,81.6,0.008,0.038,CONFORMAL_PASS,ELECTRICAL_UNCOUPLING_WARNING,False,False,0.0602
497,Zenith-Comb-0424,FOXO3+MEF2C+TBX5+NKX2-5,4,-6.32,0.662,47.9,81.6,0.008,0.038,CONFORMAL_PASS,ELECTRICAL_UNCOUPLING_WARNING,False,False,0.0602
498,Zenith-Comb-0433,FOXO3+NKX2-5+ESRRG+TET2,4,-6.32,0.662,47.9,81.6,0.008,0.038,CONFORMAL_PASS,ELECTRICAL_UNCOUPLING_WARNING,False,False,0.0602
499,Zenith-Comb-0444,FOXO3+MEF2C+NKX2-5+ESRRG,4,-6.32,0.662,47.9,81.6,0.008,0.038,CONFORMAL_PASS,ELECTRICAL_UNCOUPLING_WARNING,False,False,0.0602
500,Zenith-Comb-0461,FOXO3+TBX5+ESRRG+TET2,4,-6.32,0.662,47.9,81.6,0.008,0.038,CONFORMAL_PASS,ELECTRICAL_UNCOUPLING_WARNING,False,False,0.0602
501,Zenith-Comb-0498,FOXO3+TBX5+HAND2+TET2,4,-6.32,0.662,47.9,81.6,0.008,0.038,CONFORMAL_PASS,ELECTRICAL_UNCOUPLING_WARNING,False,False,0.0602
502,Zenith-Comb-0044,FOXO3+PPARGC1A,2,-6.36,0.662,47.9,81.6,0.008,0.038,CONFORMAL_PASS,ELECTRICAL_UNCOUPLING_WARNING,False,False,0.0595
503,Zenith-Comb-0182,FOXO3+PPARGC1A+NKX2-5,3,-6.36,0.662,47.9,81.6,0.008,0.038,CONFORMAL_PASS,ELECTRICAL_UNCOUPLING_WARNING,False,False,0.0595
504,Zenith-Comb-0215,FOXO3+PPARGC1A+ESRRG,3,-6.36,0.662,47.9,81.6,0.008,0.038,CONFORMAL_PASS,ELECTRICAL_UNCOUPLING_WARNING,False,False,0.0595
505,Zenith-Comb-0222,FOXO3+PPARGC1A+TET2,3,-6.36,0.662,47.9,81.6,0.008,0.038,CONFORMAL_PASS,ELECTRICAL_UNCOUPLING_WARNING,False,False,0.0595
506,Zenith-Comb-0230,FOXO3+PPARGC1A+MEF2C,3,-6.36,0.662,47.9,81.6,0.008,0.038,CONFORMAL_PASS,ELECTRICAL_UNCOUPLING_WARNING,False,False,0.0595
507,Zenith-Comb-0233,FOXO3+PPARGC1A+HAND2,3,-6.36,0.662,47.9,81.6,0.008,0.038,CONFORMAL_PASS,ELECTRICAL_UNCOUPLING_WARNING,False,False,0.0595
508,Zenith-Comb-0262,FOXO3+PPARGC1A+TBX5,3,-6.36,0.662,47.9,81.6,0.008,0.038,CONFORMAL_PASS,ELECTRICAL_UNCOUPLING_WARNING,False,False,0.0595
509,Zenith-Comb-0286,FOXO3+PPARGC1A+TBX5+ESRRG,4,-6.36,0.662,47.9,81.6,0.008,0.038,CONFORMAL_PASS,ELECTRICAL_UNCOUPLING_WARNING,False,False,0.0595
510,Zenith-Comb-0335,FOXO3+PPARGC1A+ESRRG+TET2,4,-6.36,0.662,47.9,81.6,0.008,0.038,CONFORMAL_PASS,ELECTRICAL_UNCOUPLING_WARNING,False,False,0.0595
511,Zenith-Comb-0344,FOXO3+PPARGC1A+TBX5+TET2,4,-6.36,0.662,47.9,81.6,0.008,0.038,CONFORMAL_PASS,ELECTRICAL_UNCOUPLING_WARNING,False,False,0.0595
512,Zenith-Comb-0369,FOXO3+PPARGC1A+MEF2C+ESRRG,4,-6.36,0.662,47.9,81.6,0.008,0.038,CONFORMAL_PASS,ELECTRICAL_UNCOUPLING_WARNING,False,False,0.0595
513,Zenith-Comb-0419,FOXO3+PPARGC1A+MEF2C+TET2,4,-6.36,0.662,47.9,81.6,0.008,0.038,CONFORMAL_PASS,ELECTRICAL_UNCOUPLING_WARNING,False,False,0.0595
514,Zenith-Comb-0462,FOXO3+PPARGC1A+HAND2+TET2,4,-6.36,0.662,47.9,81.6,0.008,0.038,CONFORMAL_PASS,ELECTRICAL_UNCOUPLING_WARNING,False,False,0.0595
515,Sinclair OSK (Control),POU5F1+SOX2+KLF4,3,-8.52,0.269,13.4,31.0,0.46,0.038,CONFORMAL_FLAG_ONCOGENIC_RISK,ELECTRICAL_UNCOUPLING_WARNING,False,False,-0.0187
516,Yamanaka OSKM (Control),POU5F1+SOX2+KLF4+MYC,4,-9.65,0.269,13.4,31.0,0.46,0.38,CONFORMAL_FLAG_ONCOGENIC_RISK,ELECTRICAL_UNCOUPLING_WARNING,False,False,-0.0234
