symbol,ensembl,r_json,r_local_scvi_proj,r_local_cell_youth,r_donor_youth,r_donor_chron_age,ci95_low,ci95_high,p_donor,mean_young_le55,mean_aged_ge65,mean_young_lt60,mean_aged_ge60,n_donors,q_donor_bh
TTN-AS1,ENSG00000237298,0.3002,0.49806690216064453,0.431018006003473,0.5808938400586987,-0.5808938400586987,0.07271988841105333,0.8496166396711978,0.029377816842519826,3.219985008239746,1.9613614082336426,3.107815742492676,1.7250268459320068,14,0.058755633685039645
MLIP-AS1,ENSG00000235050,0.2446,0.435356080532074,0.35372982801693187,0.6040583278270618,-0.6040583278270618,0.10812603006085324,0.8592508533688524,0.02215105930709054,1.3934953212738037,0.4535870850086212,1.3333054780960083,0.5561469197273254,14,0.04614804022310529
SH3RF2,ENSG00000156463,0.2136,0.2929483950138092,0.1252144270188154,0.3193135205024769,-0.3193135205024769,-0.25437010914867586,0.7267689417828754,0.26578424094506936,1.0245977640151978,0.5445075631141663,1.0309761762619019,0.6292136311531067,14,0.30549912752306824
DDX60L,ENSG00000181381,0.1997,0.395942360162735,0.36916549057184184,0.7403722643989205,-0.7403722643989205,0.34551393146008125,0.9125001835683425,0.002459800411071745,0.8458018898963928,0.12101269513368607,0.7905583381652832,0.16504065692424774,14,0.03302960731616467
PRKCE,ENSG00000171132,0.1911,0.15624460577964783,0.11799176456781553,0.5004824786046304,-0.5004824786046304,-0.04098959979820811,0.8147209267751983,0.0683455722233757,0.8149679899215698,0.5872047543525696,0.8105576634407043,0.6032263040542603,14,0.09626136932869817
SLC8A1-AS1,ENSG00000227028,0.1904,0.36070743203163147,0.2721565798656693,0.5911900530622747,-0.5911900530622747,0.08830074356367577,0.8539211371734239,0.02597672112457617,2.285336971282959,1.6992073059082031,2.2385151386260986,1.4462625980377197,14,0.0530137165807677
WDFY3,ENSG00000163625,0.185,0.16780883073806763,0.10751751361488714,0.6247747608336217,-0.6247747608336217,0.14089321164051738,0.8677162492085307,0.01690348779707558,0.5156850814819336,0.29890134930610657,0.5002083778381348,0.36556294560432434,14,0.04225871949268895
ENSG00000234352,ENSG00000234352,0.1666,0.29825088381767273,0.24169262809871905,0.5722867834748764,-0.5722867834748764,0.05988276765751214,0.8459906369216466,0.03246673266213971,1.280174970626831,0.6202092170715332,1.2890682220458984,0.6665264368057251,14,0.061257986154980584
ATP1A2,ENSG00000018625,0.1655,0.3520475924015045,0.25748022178676877,0.5128428035454492,-0.5128428035454492,-0.02437792708266805,0.8202371228511729,0.06075300163280689,0.9948192238807678,0.4717777967453003,0.9743068814277649,0.4931598901748657,14,0.09067612184001028
TLN2,ENSG00000171914,0.1505,0.16247674822807312,0.14105189575247878,0.5408997648172531,-0.5408997648172531,0.014463368043461369,0.8325498121404662,0.04579577039692958,0.8914070129394531,0.6045708060264587,0.8462516665458679,0.6372071504592896,14,0.07386414580149932
ADD3,ENSG00000148700,0.1502,0.15713796019554138,0.08802457892822399,0.4790067796057617,-0.4790067796057617,-0.06915715616549391,0.8049995030396214,0.08310620307681915,0.570321261882782,0.3747699558734894,0.5637795329093933,0.4466058313846588,14,0.11080827076909221
PRELID2,ENSG00000186314,0.1486,0.14108462631702423,0.026994439002239762,0.1161147748822667,-0.1161147748822667,-0.4416842668977005,0.6091716102129995,0.6926237413868284,1.0870033502578735,0.6979657411575317,1.108443260192871,1.0046638250350952,14,0.714045094213225
COBLL1,ENSG00000082438,0.1434,0.15853355824947357,0.10920506534460116,0.620722378953608,-0.620722378953608,0.13439905589481402,0.8660713305236375,0.017846753468346747,0.2917398512363434,0.13918781280517578,0.2945939004421234,0.18888406455516815,14,0.04303133773144903
DGKG,ENSG00000058866,0.1425,0.15734373033046722,0.12591752282937993,0.29741052902901716,-0.29741052902901716,-0.27686701345801007,0.7151461598095544,0.30176043492918553,1.192131757736206,0.9850253462791443,1.1866213083267212,1.0279911756515503,14,0.339056668459759
TMEM135,ENSG00000166575,0.1334,0.1283533275127411,0.11587059490284582,0.6092222289733902,-0.6092222289733902,0.11619417936242338,0.861374147366307,0.020741634817821694,0.44556424021720886,0.2731212079524994,0.440865695476532,0.30523568391799927,14,0.04609252181738154
GRXCR2,ENSG00000204928,0.133,0.13800443708896637,0.016654331446037927,0.08383579181781192,-0.08383579181781192,-0.46754912981806845,0.5882561640264954,0.7756900439691985,0.6803039312362671,0.3515021502971649,0.69827800989151,0.5860517621040344,14,0.7915204530297943
MARCHF3,ENSG00000173926,0.1328,0.0811389610171318,0.09734000388099526,0.6057014937043925,-0.6057014937043925,0.11068626767957132,0.859927445833753,0.021694984878285178,0.9013275504112244,0.73317551612854,0.8821131587028503,0.7708665132522583,14,0.04614804022310529
RYR2,ENSG00000198626,0.1327,0.20644314587116241,0.07498536013494639,0.15253538606545192,-0.15253538606545192,-0.4113433058436795,0.6319748552055504,0.6026545397694324,5.191822052001953,4.869076728820801,5.122632026672363,5.018179416656494,14,0.6277651455931588
SLC38A2,ENSG00000134294,0.1312,0.07360142469406128,0.12401631341037077,0.5083477561497648,-0.5083477561497648,-0.030453573523730567,0.8182376554431007,0.06344031267223768,0.5011902451515198,0.29598838090896606,0.4967738091945648,0.3279685080051422,14,0.0919424821336778
PCDH7,ENSG00000169851,0.1296,0.14060041308403015,0.0781265973905561,0.40632066959226815,-0.40632066959226815,-0.15842022846033085,0.7707442984640963,0.14940125538617854,1.7287904024124146,1.491745948791504,1.73921799659729,1.4625846147537231,14,0.18219665290997383
ACACB,ENSG00000076555,0.129,0.19680972397327423,0.1731208618514691,0.6647805660225102,-0.6647805660225102,0.20732004298238244,0.8836745388523551,0.009490862865471296,1.6392748355865479,1.16780424118042,1.6198668479919434,1.272781491279602,14,0.03302960731616467
TGM2,ENSG00000198959,0.124,0.1387999802827835,0.1550554118080231,0.39435439225698676,-0.39435439225698676,-0.17228086244628868,0.7648954134164323,0.1629271679395397,0.5592414736747742,0.37784329056739807,0.5596487522125244,0.3847797214984894,14,0.19396091421373776
ENSG00000280441,ENSG00000280441,0.1233,0.2596490681171417,0.22392173386125086,0.7010829237602889,-0.7010829237602889,0.2714836571060684,0.8977281828830272,0.00521333181595167,0.27328160405158997,0.001141553046181798,0.2476402074098587,0.01720951311290264,14,0.03302960731616467
PRR16,ENSG00000184838,0.1178,0.17126840353012085,0.13314048361015784,0.5010153709784664,-0.5010153709784664,-0.04027954023142395,0.8149599263064722,0.06800495379703407,0.6792909502983093,0.42242398858070374,0.6367678642272949,0.4434009790420532,14,0.09626136932869817
GASK1B-AS1,ENSG00000248429,0.1162,0.16501863300800323,0.1360873424435474,0.6438223381759097,-0.6438223381759097,0.17198620067079462,0.87537729359628,0.012967037233360844,0.2443595826625824,0.10451620817184448,0.2331288456916809,0.10783528536558151,14,0.03601954787044678
SMCHD1,ENSG00000101596,0.1157,0.15476085245609283,0.10571988506007476,0.5549201173800126,-0.5549201173800126,0.03448691968675335,0.838596470037514,0.039424456184952855,0.6187424659729004,0.3720439076423645,0.5984062552452087,0.45654064416885376,14,0.06797320031888424
ENSG00000256947,ENSG00000256947,0.1151,0.1805327981710434,0.15543992208814292,0.5530520218542615,-0.5530520218542615,0.0317946006329482,0.837794819360403,0.04023331437824088,0.21435488760471344,0.039426155388355255,0.2011832892894745,0.06464949995279312,14,0.06819205826820487
ENSG00000258231,ENSG00000258231,0.1149,0.2571326792240143,0.01372470222186591,0.061983494326963824,-0.061983494326963824,-0.4845391672800925,0.573703050768204,0.8332782144030135,0.3596673309803009,0.19607388973236084,0.4565211534500122,0.20981164276599884,14,0.84169516606365
RCSD1,ENSG00000198771,0.1145,0.1331462264060974,0.12383905622329193,0.47558884565375364,-0.47558884565375364,-0.07356092629611438,0.8034359857786864,0.08564643003481835,0.5726627707481384,0.3572345972061157,0.5417388677597046,0.3498363196849823,14,0.1126926710984452
NFXL1,ENSG00000170448,0.1112,0.10525243729352951,0.0441435773287224,0.1712510581113075,-0.1712510581113075,-0.3952501089967466,0.6433786393173548,0.5582961801127267,0.2502826452255249,0.1640746146440506,0.2827087938785553,0.1691920906305313,14,0.6003184732394911
PRICKLE1,ENSG00000139174,0.1109,0.2055046260356903,0.15677297662132225,0.68889537113568,-0.68889537113568,0.2495080247295349,0.8930542543650686,0.006432762994179958,0.49243876338005066,0.21570393443107605,0.4808230698108673,0.26938551664352417,14,0.03302960731616467
KIAA1217,ENSG00000120549,0.1092,0.16671407222747803,0.11869022064341361,0.4989493505246437,-0.4989493505246437,-0.04302939113792748,0.8140327306203147,0.06933230848656101,1.2192673683166504,0.8974301218986511,1.225755214691162,0.9986237287521362,14,0.0962948728980014
LAMA4,ENSG00000112769,0.1087,0.1235826164484024,0.0713993017687662,0.21549573352238652,-0.21549573352238652,-0.3557700721829825,0.6695295030979193,0.4593622726299147,0.5726127624511719,0.4144376516342163,0.549370527267456,0.45779871940612793,14,0.5047937061867194
ITPR2,ENSG00000123104,0.1079,0.09581898897886276,0.07232746264890125,0.39763170715266405,-0.39763170715266405,-0.1685069034412936,0.76650340005121,0.1591458906514709,0.47463804483413696,0.3930385112762451,0.4608435034751892,0.3593466579914093,14,0.191742036929483
LINC02552,ENSG00000256422,0.1072,0.13310793042182922,0.1619979634692808,0.4186928433676849,-0.4186928433676849,-0.14385152427712805,0.776727680295335,0.1362208822251864,0.6214097142219543,0.41237717866897583,0.53403639793396,0.31278738379478455,14,0.16817392867306966
CARMIL1,ENSG00000079691,0.1035,0.1784796416759491,0.17940407563462837,0.705206594547661,-0.705206594547661,0.2790219595310347,0.8992996515198833,0.004844523932440927,0.28221800923347473,0.06762193143367767,0.2638634741306305,0.116509810090065,14,0.03302960731616467
LCORL,ENSG00000178177,0.1026,0.03600900620222092,0.022851000177629015,0.42935734896929945,-0.42935734896929945,-0.13109488583235263,0.7818338627712595,0.12550423521799753,0.22123949229717255,0.17012864351272583,0.21678781509399414,0.20620323717594147,14,0.1609028656640994
ENSG00000278996,ENSG00000278996,0.102,0.228842630982399,0.17514896297581445,0.6504285863498552,-0.6504285863498552,0.18299428351738134,0.878007476582689,0.011780591461722757,0.18849386274814606,0.0071214050985872746,0.1757761687040329,0.022548850625753403,14,0.03569876200522048
PLPP3,ENSG00000162407,0.1007,0.10142367333173752,0.06700311575284902,0.1662038733062342,-0.1662038733062342,-0.3996245916694207,0.640323797838165,0.5701217547186126,0.5517798662185669,0.40571898221969604,0.5157250761985779,0.4655609130859375,14,0.6065125050198007
JAK2,ENSG00000096968,0.1004,0.13304440677165985,0.1458619846266744,0.6965362410004774,-0.6965362410004774,0.2632327167151953,0.8959896907504038,0.005645015557954054,0.5114058256149292,0.2778899669647217,0.4715760052204132,0.28066286444664,14,0.03302960731616467
AFF3,ENSG00000144218,0.0998,0.10404598712921143,0.055688451157082916,0.34780891714250295,-0.34780891714250295,-0.22414227418230848,0.7415486181377295,0.22301472775968492,0.3733691871166229,0.23721806704998016,0.3698883354663849,0.280845046043396,14,0.2623702679525705
MAN1A1,ENSG00000111885,0.0987,0.12279488146305084,0.06220996171870672,0.17618050787870462,-0.17618050787870462,-0.390952721133916,0.6463477775348491,0.5468476344979634,0.16642500460147858,0.0920567438006401,0.17069892585277557,0.1543540358543396,14,0.5943996027151776
ZNF704,ENSG00000164684,0.0985,0.16830335557460785,0.14619946031158612,0.617786695502715,-0.617786695502715,0.12972041786859767,0.8648763678307874,0.018554637063355542,0.6763081550598145,0.42119869589805603,0.6429816484451294,0.46190041303634644,14,0.04303133773144903
INVS,ENSG00000119509,0.0982,0.08023654669523239,0.050109756601726806,0.5452569981362803,-0.5452569981362803,0.020641376859953143,0.8344364602046371,0.04374052357582343,0.527428388595581,0.44511425495147705,0.5234392881393433,0.47490549087524414,14,0.0717057763538089
SOBP,ENSG00000112320,0.0981,0.1571880429983139,0.12488348977014492,0.6709107761819771,-0.6709107761819771,0.21788572000039905,0.886075730504068,0.00862487000885813,0.41880419850349426,0.22438021004199982,0.41175124049186707,0.27253207564353943,14,0.03302960731616467
CMSS1,ENSG00000184220,0.096,0.1259101927280426,0.07261900891644911,0.3086902320148148,-0.3086902320148148,-0.2653595482107363,0.7211607032592903,0.28289794352125014,0.5800927877426147,0.43030616641044617,0.5539326667785645,0.406120628118515,14,0.32147493581960246
EDA,ENSG00000158813,0.0956,0.08329060673713684,0.04658903010229577,0.2697447822951838,-0.2697447822951838,-0.30441074977518756,0.7001276126526328,0.35100369219524324,0.7438105344772339,0.6160162091255188,0.7334442138671875,0.6514703631401062,14,0.3900041024391592
LINC01505,ENSG00000234323,0.0947,0.09423086792230606,0.13389469377957325,0.7018669428675609,-0.7018669428675609,0.2729128415658971,0.8980273464869657,0.005141576647030889,1.0145812034606934,0.7761319279670715,0.9646241664886475,0.7465992569923401,14,0.03302960731616467
FBXO11,ENSG00000138081,0.0945,0.07625148445367813,0.036897252713550203,0.33501495078143967,-0.33501495078143967,-0.23785158631662393,0.7349597248376716,0.24165191839878714,0.5052933096885681,0.4277941882610321,0.49418970942497253,0.4743865430355072,14,0.28099060278928734
MYH6,ENSG00000197616,0.0944,0.17333048582077026,-0.017964375075761676,0.004625052149976806,-0.004625052149976806,-0.5272561357707927,0.5339021640191786,0.9874802856525118,0.753801167011261,0.5951849222183228,0.8355374336242676,0.9894302487373352,14,0.9874802856525118
HSPB1,ENSG00000106211,-0.4182,-0.5339192748069763,-0.4799283673131842,-0.6969123396101208,0.6969123396101208,-0.8961337299961559,-0.26391283263823884,0.005608283957844967,0.24864500761032104,1.4907282590866089,0.265591561794281,1.3192811012268066,14,0.03302960731616467
LINGO1,ENSG00000169783,-0.4141,-0.580751895904541,-0.5320996063371923,-0.7151847547792347,0.7151847547792347,-0.9030815526823865,-0.29748254036648814,0.004036253687342595,0.38480111956596375,1.8609569072723389,0.4945249855518341,1.581173300743103,14,0.03302960731616467
CRYAB,ENSG00000109846,-0.3522,-0.3872884213924408,-0.38301574477527994,-0.7556831242697173,0.7556831242697173,-0.9181377190587321,-0.37575832763805406,0.001771338333455217,0.8763254284858704,1.96913743019104,0.8971901535987854,1.794053554534912,14,0.03302960731616467
MALAT1,ENSG00000251562,-0.3424,-0.5840983390808105,-0.439635416011384,-0.573017885860607,0.573017885860607,-0.8462996246106456,-0.06096663369825166,0.03219537493892448,7.470365524291992,8.113422393798828,7.50598669052124,7.967238903045654,14,0.061257986154980584
ANKRD1,ENSG00000148677,-0.3396,-0.3403933048248291,-0.16529560013070893,-0.5091159201208523,0.5091159201208523,-0.8185798787670642,0.029418112109442777,0.06297515430909453,1.9700356721878052,3.013845682144165,1.8704720735549927,2.6476879119873047,14,0.0919424821336778
DUSP1,ENSG00000120129,-0.3115,-0.4288652539253235,-0.3678260442686925,-0.7684219208129792,0.7684219208129792,-0.9227786186365998,-0.40155428960623324,0.0013238034616453378,0.2243950217962265,0.9498417377471924,0.23008029162883759,0.7451022863388062,14,0.03302960731616467
MYL2,ENSG00000111245,-0.3077,-0.27971121668815613,-0.2190313204588868,-0.4884887641830534,0.4884887641830534,-0.8093134135631591,0.05682740441035031,0.0763370665048947,1.78155517578125,2.4553894996643066,1.743834137916565,2.408057928085327,14,0.10315819797958743
APOD,ENSG00000189058,-0.2882,-0.2710549235343933,-0.32498777319241773,-0.5485556722959233,0.5485556722959233,-0.8358602664592006,-0.02534528096242566,0.04223009738055303,0.18139122426509857,0.8616414666175842,0.1676545888185501,0.4636516273021698,14,0.07038349563425504
ACTC1,ENSG00000159251,-0.2735,-0.28094401955604553,-0.3032721315925741,-0.6872835700013474,0.6872835700013474,-0.8924328119541192,-0.2466352447832448,0.00660934146052519,1.548148274421692,2.4331724643707275,1.5382139682769775,2.381058931350708,14,0.03302960731616467
NR4A3,ENSG00000119508,-0.2657,-0.42227840423583984,-0.34351641548823153,-0.7240631030540763,0.7240631030540763,-0.9064222824058082,-0.3141752248836716,0.0034097521574987014,0.057482581585645676,0.5531784296035767,0.0642685741186142,0.4286155700683594,14,0.03302960731616467
PDK4,ENSG00000004799,-0.2607,-0.4498552083969116,-0.12819467992347985,-0.16255464672930592,0.16255464672930592,-0.638105697418031,0.4027714681125177,0.5787358670456246,1.4726908206939697,2.3829760551452637,1.4021925926208496,1.686274766921997,14,0.6091956495217101
SPDYE2,ENSG00000205238,-0.2474,-0.36062952876091003,-0.330044083418904,-0.6618975071377448,0.6618975071377448,-0.8825412532466039,-0.2023875956995746,0.009920625536339869,0.27993687987327576,0.8575620055198669,0.29582107067108154,0.7813249230384827,14,0.03302960731616467
SLC26A3,ENSG00000091138,-0.238,-0.3388611376285553,-0.3199414203780947,-0.6508440652015545,0.6508440652015545,-0.8781724354387663,-0.18369054157093448,0.011708863551156627,0.17436516284942627,0.7257680892944336,0.22906072437763214,0.654266893863678,14,0.03569876200522048
CCN1,ENSG00000142871,-0.229,-0.3176082968711853,-0.1612277925598571,-0.5784583924763851,0.5784583924763851,-0.8485931988390604,-0.06907034250329853,0.03022863663688535,0.11931878328323364,0.3432600498199463,0.12224319577217102,0.2573060691356659,14,0.059271836542912446
PPP1R3C,ENSG00000119938,-0.2266,-0.3757890462875366,-0.3713869910177087,-0.7640591746476021,0.7640591746476021,-0.921194242868581,-0.3926537312038663,0.001465524695367418,0.27115821838378906,1.0228627920150757,0.24697162210941315,0.9712511897087097,14,0.03302960731616467
PDLIM3,ENSG00000154553,-0.2228,-0.2912635803222656,-0.23929224542529895,-0.6162490711238628,0.6162490711238628,-0.8642493621418744,-0.12727852730573538,0.018933788601837573,0.5783131122589111,1.1634488105773926,0.5923393964767456,1.0589014291763306,14,0.04303133773144903
FOS,ENSG00000170345,-0.2225,-0.32784149050712585,-0.28469363642559636,-0.6917584601184563,0.6917584601184563,-0.8941562232293048,-0.25463016886395595,0.006128172213837957,0.02545628324151039,0.3109075725078583,0.02563967928290367,0.26947760581970215,14,0.03302960731616467
LMOD2,ENSG00000170807,-0.2197,-0.19041554629802704,-0.13978814734912595,-0.42035567491604403,0.42035567491604403,-0.7775269558952203,0.14187471017005956,0.13451095974470562,0.9324522018432617,1.3485380411148071,0.840550422668457,1.2813860177993774,14,0.16813869968088202
BTG2,ENSG00000159388,-0.2167,-0.2746528387069702,-0.19716388594612186,-0.5174662349467859,0.5174662349467859,-0.8222858908526889,0.01808707537422205,0.05807525780665863,0.11879955232143402,0.43003207445144653,0.12789160013198853,0.30552417039871216,14,0.0893465504717825
GADD45G,ENSG00000130222,-0.2101,-0.2224857062101364,-0.31236922247629356,-0.6701821813769319,0.6701821813769319,-0.8857909446839072,-0.21662437093367712,0.008724466466187688,0.16257064044475555,0.7692129611968994,0.20385928452014923,0.613663375377655,14,0.03302960731616467
TNNC1,ENSG00000114854,-0.2,-0.20993995666503906,-0.2695226611369104,-0.6957839593000125,0.6957839593000125,-0.8957014539206875,-0.2618736232119714,0.005719049913167068,0.6102628707885742,1.206861138343811,0.6203906536102295,1.1487845182418823,14,0.03302960731616467
MB,ENSG00000198125,-0.1985,-0.1606357842683792,-0.2234931922947406,-0.6702568732393168,0.6702568732393168,-0.8858201469609117,-0.21675360845058123,0.00871421563614062,0.8997499346733093,1.340142011642456,0.8754568696022034,1.3595497608184814,14,0.03302960731616467
GADD45B,ENSG00000099860,-0.1908,-0.2728976011276245,-0.2772547996816604,-0.6906730890258852,0.6906730890258852,-0.8937387651769996,-0.25268551946872614,0.006242287738809926,0.06885986030101776,0.4663906991481781,0.08126191049814224,0.4052466154098511,14,0.03302960731616467
CKM,ENSG00000104879,-0.1907,-0.2297276109457016,-0.24959907772456907,-0.6757208918953146,0.6757208918953146,-0.8879517931301694,-0.22625118010085835,0.007989214263264476,0.7861183881759644,1.340520977973938,0.7446804046630859,1.2250587940216064,14,0.03302960731616467
GPX3,ENSG00000211445,-0.1881,-0.239101380109787,-0.25329469414341205,-0.5570792739104169,0.5570792739104169,-0.8395214947493773,-0.03760815835723896,0.03850454812280509,0.06638425588607788,0.35318824648857117,0.06548084318637848,0.23507611453533173,14,0.06755183881193876
RHOQ-AS1,ENSG00000250116,-0.187,-0.17167742550373077,-0.1602074818483586,-0.44746767904409435,0.44746767904409435,-0.7903981301964121,0.10899800480369265,0.10863907882877383,0.6102702021598816,1.0214407444000244,0.6180667877197266,0.7908813953399658,14,0.14108971276464133
HSPA1A,ENSG00000204389,-0.1828,-0.25240790843963623,-0.276124554643297,-0.7814721821246922,0.7814721821246922,-0.9274870011635165,-0.4285987131116936,0.0009637947917292651,0.08803283423185349,0.48321518301963806,0.09015338122844696,0.41563671827316284,14,0.03302960731616467
ENSG00000261191,ENSG00000261191,-0.1796,-0.2945375144481659,-0.20700892735332488,-0.49450400207334094,0.49450400207334094,-0.8120322721505925,0.048918389428804825,0.07225066820209755,0.7879647612571716,1.3215054273605347,0.7696664929389954,1.0834485292434692,14,0.09897351808506515
BHLHE40,ENSG00000134107,-0.1782,-0.2555210590362549,-0.2480483078515307,-0.6598220228074222,0.6598220228074222,-0.8817238228007971,-0.19885115216833182,0.010239178268011049,0.028579700738191605,0.26798924803733826,0.03591208904981613,0.23870372772216797,14,0.03302960731616467
ZFP36,ENSG00000128016,-0.1717,-0.2238766849040985,-0.20676308963196374,-0.5592677910901259,0.5592677910901259,-0.8404574301971756,-0.04078221772226218,0.03758836078204182,0.05643288791179657,0.29251280426979065,0.0723746046423912,0.2226576954126358,14,0.06712207282507468
FTH1,ENSG00000167996,-0.1691,-0.14061740040779114,-0.19004051194824356,-0.641013422315027,0.641013422315027,-0.8742547952039617,-0.1673410985192033,0.013498338106381723,0.37763720750808716,0.6973558068275452,0.37627294659614563,0.698553204536438,14,0.03648199488211277
TENM4,ENSG00000149256,-0.165,-0.26484423875808716,-0.22455638581132475,-0.6615380021609061,0.6615380021609061,-0.882399757470282,-0.2017741713365774,0.009975249186415142,0.04122629389166832,0.2372189164161682,0.05361837521195412,0.2360004335641861,14,0.03302960731616467
FTL,ENSG00000087086,-0.1644,-0.1628284603357315,-0.22118198825791896,-0.6462181220433527,0.6462181220433527,-0.876332727419295,-0.1759647565318264,0.012526661379344436,0.12026028335094452,0.4086340665817261,0.12278245389461517,0.3417271077632904,14,0.03579046108384124
FABP3,ENSG00000121769,-0.1595,-0.18698905408382416,-0.18031136185742547,-0.6476673875991963,0.6476673875991963,-0.8769098140721304,-0.17837895854381045,0.012265888446575965,0.6593129634857178,1.1202536821365356,0.6449715495109558,0.9691007733345032,14,0.03579046108384124
NMRK2,ENSG00000077009,-0.1562,-0.1832151561975479,-0.14512461152223483,-0.561552435463213,0.561552435463213,-0.841432688546066,-0.04410689450196574,0.036649183048789655,0.45962339639663696,0.7977533340454102,0.4318089485168457,0.7271570563316345,14,0.06663487827052664
RALYL,ENSG00000184672,-0.1551,-0.0655989721417427,-0.15169231390867463,-0.7381961047911714,0.7381961047911714,-0.9116935685422412,-0.3412808073287297,0.0025727513824205443,0.9717229008674622,1.3526954650878906,0.9917811155319214,1.2690497636795044,14,0.03302960731616467
RASD1,ENSG00000108551,-0.1517,-0.16968666017055511,-0.24548053447988297,-0.5391824694637093,0.5391824694637093,-0.8318043731552349,-0.012039451931367627,0.04662485075292139,0.02323451265692711,0.27061814069747925,0.034338828176259995,0.173256054520607,14,0.07400769960781173
S100A1,ENSG00000160678,-0.1506,-0.160789355635643,-0.22177852137312548,-0.6249407232623342,0.6249407232623342,-0.8677835024546547,-0.14116006577251344,0.016865681882790036,0.12439148873090744,0.3774082660675049,0.12985077500343323,0.3547200858592987,14,0.04225871949268895
TMSB4X,ENSG00000205542,-0.1501,-0.19329218566417694,-0.19273254401022766,-0.6637227607057208,0.6637227607057208,-0.8832590298472911,-0.205507603850665,0.009646841562772627,0.07531388849020004,0.3062787353992462,0.07903891056776047,0.2260066419839859,14,0.03302960731616467
JUNB,ENSG00000171223,-0.1491,-0.26016467809677124,-0.2296503149094982,-0.7190782344358191,0.7190782344358191,-0.9045493893197486,-0.30477158565898943,0.00375127386322297,0.06267864257097244,0.28287583589553833,0.07342706620693207,0.33187559247016907,14,0.03302960731616467
ATF3,ENSG00000162772,-0.1478,-0.1904354691505432,-0.13393681082562028,-0.5242435828364893,0.5242435828364893,-0.8252749044254706,0.008788229051455702,0.054305184914903826,0.05535741522908211,0.18467095494270325,0.05460143834352493,0.14434084296226501,14,0.08485185142953723
USP39,ENSG00000168883,-0.1454,-0.26569753885269165,-0.2098078519834082,-0.5153971996023435,0.5153971996023435,-0.8213700208945184,0.02090755096964274,0.0592628478065912,0.3637326955795288,0.8405278325080872,0.40958598256111145,0.7051392197608948,14,0.0897921936463503
COX6A2,ENSG00000156885,-0.1452,-0.23073139786720276,-0.27647177047230087,-0.6171105063957659,0.6171105063957659,-0.8646007293601603,-0.12864583688782674,0.01872065819924904,0.39053159952163696,0.8036720156669617,0.38061633706092834,0.9363875389099121,14,0.04303133773144903
ENSG00000257239,ENSG00000257239,-0.1449,-0.22783765196800232,-0.2073922714989393,-0.7757044439841291,0.7757044439841291,-0.9254117645962041,-0.416567577123786,0.0011117232090392844,0.009076044894754887,0.15522430837154388,0.010250415652990341,0.12118294090032578,14,0.03302960731616467
RUNX1,ENSG00000159216,-0.1423,-0.26636406779289246,-0.22113999237411944,-0.6761184568723,0.6761184568723,-0.8881065378529625,-0.2269455801463418,0.007938347861255642,0.053715627640485764,0.2971998453140259,0.07414727658033371,0.2508326768875122,14,0.03302960731616467
FLRT2,ENSG00000185070,-0.1384,-0.2598937153816223,-0.20425981383489936,-0.5680785010210285,0.5680785010210285,-0.844208498004345,-0.053667355273120984,0.034061812082899226,0.017277007922530174,0.17287743091583252,0.018236665055155754,0.10251328349113464,14,0.06307742978314672
CFD,ENSG00000197766,-0.1379,-0.10237966477870941,-0.13686647935153826,-0.4235393740158769,0.4235393740158769,-0.779054055918891,0.13807729818776396,0.1312773984801519,0.2256200611591339,0.49784958362579346,0.2006014734506607,0.3203974962234497,14,0.16617392212677456
SLC24A3,ENSG00000185052,-0.1342,-0.146769180893898,-0.14845383686671787,-0.6041779984908496,0.6041779984908496,-0.8593001593049291,-0.10831226860200296,0.022117602025716516,0.04958425834774971,0.16879484057426453,0.050388678908348083,0.1652502566576004,14,0.04614804022310529
RPL13A,ENSG00000142541,-0.1333,-0.18220971524715424,-0.2079944021441226,-0.6642626304516391,0.6642626304516391,-0.8834711353435796,-0.20643222181814117,0.00956698999799453,0.07736674696207047,0.32081007957458496,0.09721887111663818,0.2677850127220154,14,0.03302960731616467
CLNK,ENSG00000109684,-0.129,-0.22734127938747406,-0.22069121226830937,-0.6388572330465555,0.6388572330465555,-0.8733914439739389,-0.16378962029789945,0.013917346575551066,0.07251233607530594,0.2910155653953552,0.06617897748947144,0.29761308431625366,14,0.036624596251450175
