symbol,ensembl_id,r_json,r_lit_donor,p_lit_donor,r_peri_donor,p_peri_donor,same_sign,replicates_peri_p005_same_sign,replicates_both_p005_same_sign,replicates_peri_emp95_same_sign,replicates_both_emp95_same_sign
TTN-AS1,ENSG00000237298,0.2639,0.6641,0.00959,0.1832,0.18494,True,False,False,False,False
DDX60L,ENSG00000181381,0.2379,0.7647,0.00144,0.1932,0.16156,True,False,False,False,False
MLIP-AS1,ENSG00000235050,0.217,0.6772,0.0078,0.2782,0.04169,True,True,True,False,False
MARCHF3,ENSG00000173926,0.1956,0.6621,0.00989,-0.105,0.44973,False,False,False,False,False
KCNJ3,ENSG00000162989,0.1611,0.0082,0.97791,0.3507,0.00932,True,True,False,False,False
RYR2,ENSG00000198626,0.1564,0.6132,0.0197,0.1862,0.17764,True,False,False,False,False
ENSG00000280441,ENSG00000280441,0.1561,0.5692,0.03363,-0.2538,0.06405,False,False,False,False,False
LTBP1,ENSG00000049323,0.1504,0.5475,0.04269,-0.2831,0.03808,False,False,False,False,False
SLC8A1-AS1,ENSG00000227028,0.1503,0.6292,0.01591,0.2017,0.14351,True,False,False,False,False
AGBL4,ENSG00000186094,0.15,0.4571,0.10037,0.406,0.00232,True,True,False,True,False
SH3RF2,ENSG00000156463,0.1448,0.4226,0.13225,0.3635,0.00689,True,True,False,False,False
ACACB,ENSG00000076555,0.1397,0.6107,0.02036,-0.1235,0.37381,False,False,False,False,False
LRMDA,ENSG00000148655,0.1381,0.3885,0.16983,0.3496,0.00956,True,True,False,False,False
ZNF521,ENSG00000198795,0.1368,0.4429,0.11276,0.1549,0.2633,True,False,False,False,False
ENSG00000278996,ENSG00000278996,0.1367,0.5519,0.04073,-0.1262,0.36307,False,False,False,False,False
SYNE1,ENSG00000131018,0.1362,0.7345,0.00277,-0.1242,0.37098,False,False,False,False,False
LIFR,ENSG00000113594,0.1341,0.5005,0.06837,0.3126,0.02135,True,True,False,False,False
ATP1A2,ENSG00000018625,0.1318,0.3714,0.19102,0.1355,0.32842,True,False,False,False,False
WDFY3,ENSG00000163625,0.1264,0.7501,0.002,-0.0224,0.87227,False,False,False,False,False
PRKCE,ENSG00000171132,0.1256,0.2924,0.31037,-0.1364,0.32553,False,False,False,False,False
AFF3,ENSG00000144218,0.1249,0.3258,0.25571,0.0479,0.73064,True,False,False,False,False
AMD1,ENSG00000123505,0.1242,0.81,0.00045,0.3303,0.01472,True,True,True,False,False
SOX4,ENSG00000124766,0.1233,0.6849,0.00688,-0.0109,0.93746,False,False,False,False,False
PTBP2,ENSG00000117569,0.1182,0.473,0.0876,0.2033,0.14036,True,False,False,False,False
GRXCR2,ENSG00000204928,0.1156,0.2202,0.44947,0.2037,0.13952,True,False,False,False,False
LINC02248,ENSG00000235160,0.1138,0.019,0.94866,0.151,0.27588,True,False,False,False,False
CPNE8,ENSG00000139117,0.1131,0.184,0.52892,0.2344,0.08801,True,False,False,False,False
SLC38A2,ENSG00000134294,0.1127,0.6607,0.01011,0.1197,0.38851,True,False,False,False,False
FBXO11,ENSG00000138081,0.1107,0.7019,0.00514,0.105,0.44974,True,False,False,False,False
SLC4A7,ENSG00000033867,0.1106,0.7054,0.00483,0.1754,0.20454,True,False,False,False,False
EDA,ENSG00000158813,0.1106,0.4987,0.06951,0.3139,0.02081,True,True,False,False,False
ADD3,ENSG00000148700,0.1105,0.4997,0.06882,0.2345,0.08782,True,False,False,False,False
BMP2K,ENSG00000138756,0.1101,0.5297,0.05142,-0.1201,0.38708,False,False,False,False,False
TIMM23B,ENSG00000204152,0.1094,0.1444,0.62246,0.0,1.0,False,False,False,False,False
LINC01170,ENSG00000253807,0.1088,0.4842,0.07933,-0.0507,0.71563,False,False,False,False,False
RASA1,ENSG00000145715,0.1085,0.6509,0.01171,0.1345,0.3321,True,False,False,False,False
TGM2,ENSG00000198959,0.107,0.397,0.15984,0.2032,0.14064,True,False,False,False,False
SMCHD1,ENSG00000101596,0.106,0.7398,0.00249,0.0256,0.85415,True,False,False,False,False
PLCE1,ENSG00000138193,0.1059,0.3363,0.23978,-0.284,0.03738,False,False,False,False,False
CTBP2,ENSG00000175029,0.1048,0.3535,0.21496,0.2042,0.13852,True,False,False,False,False
DENND4C,ENSG00000137145,0.1034,0.2793,0.33348,0.2623,0.05531,True,False,False,False,False
ENSG00000256947,ENSG00000256947,0.103,0.7059,0.00479,0.3193,0.01859,True,True,True,False,False
VEGFA,ENSG00000112715,0.103,0.4652,0.09368,0.0506,0.71638,True,False,False,False,False
TLN2,ENSG00000171914,0.1011,0.3019,0.29424,-0.0684,0.6232,False,False,False,False,False
NFXL1,ENSG00000170448,0.101,0.4944,0.07231,0.3142,0.02069,True,True,False,False,False
KIAA1217,ENSG00000120549,0.1006,0.4622,0.09616,0.2745,0.04459,True,True,False,False,False
PRELID2,ENSG00000186314,0.0998,0.1631,0.57741,0.262,0.05563,True,False,False,False,False
RALGPS2,ENSG00000116191,0.0993,0.3416,0.2319,0.308,0.02347,True,True,False,False,False
SFMBT2,ENSG00000198879,0.0979,0.4217,0.13311,-0.0344,0.80481,False,False,False,False,False
NPPA,ENSG00000175206,-0.4569,-0.7907,0.00076,0.0313,0.82208,False,False,False,False,False
LINGO1,ENSG00000169783,-0.3672,-0.6373,0.01423,0.1194,0.38973,False,False,False,False,False
ACTC1,ENSG00000159251,-0.3134,-0.6878,0.00655,0.3465,0.01026,False,False,False,False,False
CRYAB,ENSG00000109846,-0.2968,-0.8164,0.00037,0.3245,0.01668,False,False,False,False,False
HSPB1,ENSG00000106211,-0.2938,-0.6597,0.01025,-0.1264,0.36229,True,False,False,False,False
MALAT1,ENSG00000251562,-0.2897,-0.691,0.00621,0.2676,0.05041,False,False,False,False,False
NPPB,ENSG00000120937,-0.2544,-0.3872,0.17135,-0.2017,0.14358,True,False,False,False,False
GADD45G,ENSG00000130222,-0.2126,-0.6613,0.01001,0.2679,0.05021,False,False,False,False,False
ACTA2,ENSG00000107796,-0.1922,-0.4158,0.13927,0.2947,0.03052,False,False,False,False,False
CKM,ENSG00000104879,-0.1907,-0.6278,0.01622,0.5144,7e-05,False,False,False,False,False
DUSP1,ENSG00000120129,-0.175,-0.6931,0.00599,0.2314,0.0922,False,False,False,False,False
ANKRD1,ENSG00000148677,-0.1738,-0.1841,0.52864,-0.0307,0.82557,True,False,False,False,False
FTH1,ENSG00000167996,-0.167,-0.626,0.01663,0.3034,0.02576,False,False,False,False,False
MB,ENSG00000198125,-0.1665,-0.8028,0.00055,0.3557,0.00831,False,False,False,False,False
NMRK2,ENSG00000077009,-0.166,-0.456,0.10129,0.2479,0.0707,False,False,False,False,False
BTG2,ENSG00000159388,-0.1655,-0.4973,0.07043,0.3531,0.00882,False,False,False,False,False
SLC26A3,ENSG00000091138,-0.1491,-0.5521,0.04065,-0.3626,0.00704,True,True,True,False,False
SPDYE2,ENSG00000205238,-0.1484,-0.6534,0.01128,0.1618,0.24258,False,False,False,False,False
NR4A3,ENSG00000119508,-0.1472,-0.2861,0.32138,0.032,0.81815,False,False,False,False,False
FABP3,ENSG00000121769,-0.1335,-0.774,0.00116,0.1725,0.21233,False,False,False,False,False
RHOQ-AS1,ENSG00000250116,-0.1284,-0.3765,0.18453,0.235,0.08722,False,False,False,False,False
TMSB4X,ENSG00000205542,-0.1255,-0.5941,0.02507,0.3947,0.00314,False,False,False,False,False
TRIM55,ENSG00000147573,-0.1247,0.0096,0.97409,-0.1131,0.41543,True,False,False,False,False
PLA2G2A,ENSG00000188257,-0.123,-0.5238,0.05455,-0.0506,0.71646,True,False,False,False,False
PRKAG2,ENSG00000106617,-0.1199,-0.4404,0.11504,0.0797,0.5666,False,False,False,False,False
CCN1,ENSG00000142871,-0.1192,-0.0384,0.89635,0.1127,0.41712,False,False,False,False,False
RALYL,ENSG00000184672,-0.1179,-0.4397,0.11563,0.2558,0.06188,False,False,False,False,False
ENSG00000257239,ENSG00000257239,-0.1159,-0.6488,0.01207,-0.0397,0.77574,True,False,False,False,False
TNNC1,ENSG00000114854,-0.112,-0.6957,0.00573,-0.016,0.90855,True,False,False,False,False
B2M,ENSG00000166710,-0.1118,-0.577,0.03074,0.4116,0.00199,False,False,False,False,False
GPX3,ENSG00000211445,-0.1118,-0.6882,0.00651,-0.1806,0.19137,True,False,False,False,False
BHLHE40,ENSG00000134107,-0.1109,-0.6187,0.01832,0.1943,0.15921,False,False,False,False,False
PPP1R3C,ENSG00000119938,-0.1078,-0.7598,0.00162,0.3334,0.01375,False,False,False,False,False
IL1RAPL2,ENSG00000189108,-0.105,-0.4255,0.12932,0.4044,0.00242,False,False,False,False,False
PDE5A,ENSG00000138735,-0.1026,0.0657,0.82344,0.2856,0.03632,False,False,False,False,False
ARHGAP26-AS1,ENSG00000226272,-0.1023,-0.6637,0.00965,0.1171,0.39887,False,False,False,False,False
CYCS,ENSG00000172115,-0.1022,-0.8448,0.00014,0.4313,0.00113,False,False,False,False,False
RUNX1,ENSG00000159216,-0.0993,-0.6154,0.01916,-0.2649,0.05291,True,False,False,False,False
SRP14,ENSG00000140319,-0.0986,-0.7083,0.00458,0.332,0.01418,False,False,False,False,False
RASD1,ENSG00000108551,-0.0978,-0.4692,0.09058,0.3756,0.00513,False,False,False,False,False
USP39,ENSG00000168883,-0.0977,-0.4541,0.1029,0.0894,0.52009,False,False,False,False,False
HSPA5,ENSG00000044574,-0.0967,-0.6512,0.01165,0.2505,0.0677,False,False,False,False,False
SLC24A3,ENSG00000185052,-0.0966,-0.5546,0.03955,-0.069,0.62016,True,False,False,False,False
GADD45B,ENSG00000099860,-0.095,-0.3425,0.23066,0.3566,0.00812,False,False,False,False,False
SPDYE5,ENSG00000170092,-0.0946,-0.4355,0.11959,0.2917,0.03236,False,False,False,False,False
TENM4,ENSG00000149256,-0.0925,-0.3705,0.19217,0.1592,0.25023,False,False,False,False,False
MT-ND4,ENSG00000198886,-0.0918,-0.7046,0.00489,0.3366,0.01282,False,False,False,False,False
PDLIM3,ENSG00000154553,-0.091,-0.0104,0.97181,0.0807,0.56167,False,False,False,False,False
SLC6A1-AS1,ENSG00000232287,-0.0904,-0.3107,0.27961,0.1799,0.19296,False,False,False,False,False
S100A1,ENSG00000160678,-0.0903,-0.7806,0.00099,0.3622,0.00712,False,False,False,False,False
